filename,label,original_file,filepath,label_idx
blues.00000.png,blues,blues.00000.wav,spectrogram_data\blues\blues.00000.png,0
blues.00001.png,blues,blues.00001.wav,spectrogram_data\blues\blues.00001.png,0
blues.00002.png,blues,blues.00002.wav,spectrogram_data\blues\blues.00002.png,0
blues.00003.png,blues,blues.00003.wav,spectrogram_data\blues\blues.00003.png,0
blues.00004.png,blues,blues.00004.wav,spectrogram_data\blues\blues.00004.png,0
blues.00005.png,blues,blues.00005.wav,spectrogram_data\blues\blues.00005.png,0
blues.00006.png,blues,blues.00006.wav,spectrogram_data\blues\blues.00006.png,0
blues.00007.png,blues,blues.00007.wav,spectrogram_data\blues\blues.00007.png,0
blues.00008.png,blues,blues.00008.wav,spectrogram_data\blues\blues.00008.png,0
blues.00009.png,blues,blues.00009.wav,spectrogram_data\blues\blues.00009.png,0
blues.00010.png,blues,blues.00010.wav,spectrogram_data\blues\blues.00010.png,0
blues.00011.png,blues,blues.00011.wav,spectrogram_data\blues\blues.00011.png,0
blues.00012.png,blues,blues.00012.wav,spectrogram_data\blues\blues.00012.png,0
blues.00013.png,blues,blues.00013.wav,spectrogram_data\blues\blues.00013.png,0
blues.00014.png,blues,blues.00014.wav,spectrogram_data\blues\blues.00014.png,0
blues.00015.png,blues,blues.00015.wav,spectrogram_data\blues\blues.00015.png,0
blues.00016.png,blues,blues.00016.wav,spectrogram_data\blues\blues.00016.png,0
blues.00017.png,blues,blues.00017.wav,spectrogram_data\blues\blues.00017.png,0
blues.00018.png,blues,blues.00018.wav,spectrogram_data\blues\blues.00018.png,0
blues.00019.png,blues,blues.00019.wav,spectrogram_data\blues\blues.00019.png,0
blues.00020.png,blues,blues.00020.wav,spectrogram_data\blues\blues.00020.png,0
blues.00021.png,blues,blues.00021.wav,spectrogram_data\blues\blues.00021.png,0
blues.00022.png,blues,blues.00022.wav,spectrogram_data\blues\blues.00022.png,0
blues.00023.png,blues,blues.00023.wav,spectrogram_data\blues\blues.00023.png,0
blues.00024.png,blues,blues.00024.wav,spectrogram_data\blues\blues.00024.png,0
blues.00025.png,blues,blues.00025.wav,spectrogram_data\blues\blues.00025.png,0
blues.00026.png,blues,blues.00026.wav,spectrogram_data\blues\blues.00026.png,0
blues.00027.png,blues,blues.00027.wav,spectrogram_data\blues\blues.00027.png,0
blues.00028.png,blues,blues.00028.wav,spectrogram_data\blues\blues.00028.png,0
blues.00029.png,blues,blues.00029.wav,spectrogram_data\blues\blues.00029.png,0
blues.00030.png,blues,blues.00030.wav,spectrogram_data\blues\blues.00030.png,0
blues.00031.png,blues,blues.00031.wav,spectrogram_data\blues\blues.00031.png,0
blues.00032.png,blues,blues.00032.wav,spectrogram_data\blues\blues.00032.png,0
blues.00033.png,blues,blues.00033.wav,spectrogram_data\blues\blues.00033.png,0
blues.00034.png,blues,blues.00034.wav,spectrogram_data\blues\blues.00034.png,0
blues.00035.png,blues,blues.00035.wav,spectrogram_data\blues\blues.00035.png,0
blues.00036.png,blues,blues.00036.wav,spectrogram_data\blues\blues.00036.png,0
blues.00037.png,blues,blues.00037.wav,spectrogram_data\blues\blues.00037.png,0
blues.00038.png,blues,blues.00038.wav,spectrogram_data\blues\blues.00038.png,0
blues.00039.png,blues,blues.00039.wav,spectrogram_data\blues\blues.00039.png,0
blues.00040.png,blues,blues.00040.wav,spectrogram_data\blues\blues.00040.png,0
blues.00041.png,blues,blues.00041.wav,spectrogram_data\blues\blues.00041.png,0
blues.00042.png,blues,blues.00042.wav,spectrogram_data\blues\blues.00042.png,0
blues.00043.png,blues,blues.00043.wav,spectrogram_data\blues\blues.00043.png,0
blues.00044.png,blues,blues.00044.wav,spectrogram_data\blues\blues.00044.png,0
blues.00045.png,blues,blues.00045.wav,spectrogram_data\blues\blues.00045.png,0
blues.00046.png,blues,blues.00046.wav,spectrogram_data\blues\blues.00046.png,0
blues.00047.png,blues,blues.00047.wav,spectrogram_data\blues\blues.00047.png,0
blues.00048.png,blues,blues.00048.wav,spectrogram_data\blues\blues.00048.png,0
blues.00049.png,blues,blues.00049.wav,spectrogram_data\blues\blues.00049.png,0
blues.00050.png,blues,blues.00050.wav,spectrogram_data\blues\blues.00050.png,0
blues.00051.png,blues,blues.00051.wav,spectrogram_data\blues\blues.00051.png,0
blues.00052.png,blues,blues.00052.wav,spectrogram_data\blues\blues.00052.png,0
blues.00053.png,blues,blues.00053.wav,spectrogram_data\blues\blues.00053.png,0
blues.00054.png,blues,blues.00054.wav,spectrogram_data\blues\blues.00054.png,0
blues.00055.png,blues,blues.00055.wav,spectrogram_data\blues\blues.00055.png,0
blues.00056.png,blues,blues.00056.wav,spectrogram_data\blues\blues.00056.png,0
blues.00057.png,blues,blues.00057.wav,spectrogram_data\blues\blues.00057.png,0
blues.00058.png,blues,blues.00058.wav,spectrogram_data\blues\blues.00058.png,0
blues.00059.png,blues,blues.00059.wav,spectrogram_data\blues\blues.00059.png,0
blues.00060.png,blues,blues.00060.wav,spectrogram_data\blues\blues.00060.png,0
blues.00061.png,blues,blues.00061.wav,spectrogram_data\blues\blues.00061.png,0
blues.00062.png,blues,blues.00062.wav,spectrogram_data\blues\blues.00062.png,0
blues.00063.png,blues,blues.00063.wav,spectrogram_data\blues\blues.00063.png,0
blues.00064.png,blues,blues.00064.wav,spectrogram_data\blues\blues.00064.png,0
blues.00065.png,blues,blues.00065.wav,spectrogram_data\blues\blues.00065.png,0
blues.00066.png,blues,blues.00066.wav,spectrogram_data\blues\blues.00066.png,0
blues.00067.png,blues,blues.00067.wav,spectrogram_data\blues\blues.00067.png,0
blues.00068.png,blues,blues.00068.wav,spectrogram_data\blues\blues.00068.png,0
blues.00069.png,blues,blues.00069.wav,spectrogram_data\blues\blues.00069.png,0
blues.00070.png,blues,blues.00070.wav,spectrogram_data\blues\blues.00070.png,0
blues.00071.png,blues,blues.00071.wav,spectrogram_data\blues\blues.00071.png,0
blues.00072.png,blues,blues.00072.wav,spectrogram_data\blues\blues.00072.png,0
blues.00073.png,blues,blues.00073.wav,spectrogram_data\blues\blues.00073.png,0
blues.00074.png,blues,blues.00074.wav,spectrogram_data\blues\blues.00074.png,0
blues.00075.png,blues,blues.00075.wav,spectrogram_data\blues\blues.00075.png,0
blues.00076.png,blues,blues.00076.wav,spectrogram_data\blues\blues.00076.png,0
blues.00077.png,blues,blues.00077.wav,spectrogram_data\blues\blues.00077.png,0
blues.00078.png,blues,blues.00078.wav,spectrogram_data\blues\blues.00078.png,0
blues.00079.png,blues,blues.00079.wav,spectrogram_data\blues\blues.00079.png,0
blues.00080.png,blues,blues.00080.wav,spectrogram_data\blues\blues.00080.png,0
blues.00081.png,blues,blues.00081.wav,spectrogram_data\blues\blues.00081.png,0
blues.00082.png,blues,blues.00082.wav,spectrogram_data\blues\blues.00082.png,0
blues.00083.png,blues,blues.00083.wav,spectrogram_data\blues\blues.00083.png,0
blues.00084.png,blues,blues.00084.wav,spectrogram_data\blues\blues.00084.png,0
blues.00085.png,blues,blues.00085.wav,spectrogram_data\blues\blues.00085.png,0
blues.00086.png,blues,blues.00086.wav,spectrogram_data\blues\blues.00086.png,0
blues.00087.png,blues,blues.00087.wav,spectrogram_data\blues\blues.00087.png,0
blues.00088.png,blues,blues.00088.wav,spectrogram_data\blues\blues.00088.png,0
blues.00089.png,blues,blues.00089.wav,spectrogram_data\blues\blues.00089.png,0
blues.00090.png,blues,blues.00090.wav,spectrogram_data\blues\blues.00090.png,0
blues.00091.png,blues,blues.00091.wav,spectrogram_data\blues\blues.00091.png,0
blues.00092.png,blues,blues.00092.wav,spectrogram_data\blues\blues.00092.png,0
blues.00093.png,blues,blues.00093.wav,spectrogram_data\blues\blues.00093.png,0
blues.00094.png,blues,blues.00094.wav,spectrogram_data\blues\blues.00094.png,0
blues.00095.png,blues,blues.00095.wav,spectrogram_data\blues\blues.00095.png,0
blues.00096.png,blues,blues.00096.wav,spectrogram_data\blues\blues.00096.png,0
blues.00097.png,blues,blues.00097.wav,spectrogram_data\blues\blues.00097.png,0
blues.00098.png,blues,blues.00098.wav,spectrogram_data\blues\blues.00098.png,0
blues.00099.png,blues,blues.00099.wav,spectrogram_data\blues\blues.00099.png,0
classical.00000.png,classical,classical.00000.wav,spectrogram_data\classical\classical.00000.png,1
classical.00001.png,classical,classical.00001.wav,spectrogram_data\classical\classical.00001.png,1
classical.00002.png,classical,classical.00002.wav,spectrogram_data\classical\classical.00002.png,1
classical.00003.png,classical,classical.00003.wav,spectrogram_data\classical\classical.00003.png,1
classical.00004.png,classical,classical.00004.wav,spectrogram_data\classical\classical.00004.png,1
classical.00005.png,classical,classical.00005.wav,spectrogram_data\classical\classical.00005.png,1
classical.00006.png,classical,classical.00006.wav,spectrogram_data\classical\classical.00006.png,1
classical.00007.png,classical,classical.00007.wav,spectrogram_data\classical\classical.00007.png,1
classical.00008.png,classical,classical.00008.wav,spectrogram_data\classical\classical.00008.png,1
classical.00009.png,classical,classical.00009.wav,spectrogram_data\classical\classical.00009.png,1
classical.00010.png,classical,classical.00010.wav,spectrogram_data\classical\classical.00010.png,1
classical.00011.png,classical,classical.00011.wav,spectrogram_data\classical\classical.00011.png,1
classical.00012.png,classical,classical.00012.wav,spectrogram_data\classical\classical.00012.png,1
classical.00013.png,classical,classical.00013.wav,spectrogram_data\classical\classical.00013.png,1
classical.00014.png,classical,classical.00014.wav,spectrogram_data\classical\classical.00014.png,1
classical.00015.png,classical,classical.00015.wav,spectrogram_data\classical\classical.00015.png,1
classical.00016.png,classical,classical.00016.wav,spectrogram_data\classical\classical.00016.png,1
classical.00017.png,classical,classical.00017.wav,spectrogram_data\classical\classical.00017.png,1
classical.00018.png,classical,classical.00018.wav,spectrogram_data\classical\classical.00018.png,1
classical.00019.png,classical,classical.00019.wav,spectrogram_data\classical\classical.00019.png,1
classical.00020.png,classical,classical.00020.wav,spectrogram_data\classical\classical.00020.png,1
classical.00021.png,classical,classical.00021.wav,spectrogram_data\classical\classical.00021.png,1
classical.00022.png,classical,classical.00022.wav,spectrogram_data\classical\classical.00022.png,1
classical.00023.png,classical,classical.00023.wav,spectrogram_data\classical\classical.00023.png,1
classical.00024.png,classical,classical.00024.wav,spectrogram_data\classical\classical.00024.png,1
classical.00025.png,classical,classical.00025.wav,spectrogram_data\classical\classical.00025.png,1
classical.00026.png,classical,classical.00026.wav,spectrogram_data\classical\classical.00026.png,1
classical.00027.png,classical,classical.00027.wav,spectrogram_data\classical\classical.00027.png,1
classical.00028.png,classical,classical.00028.wav,spectrogram_data\classical\classical.00028.png,1
classical.00029.png,classical,classical.00029.wav,spectrogram_data\classical\classical.00029.png,1
classical.00030.png,classical,classical.00030.wav,spectrogram_data\classical\classical.00030.png,1
classical.00031.png,classical,classical.00031.wav,spectrogram_data\classical\classical.00031.png,1
classical.00032.png,classical,classical.00032.wav,spectrogram_data\classical\classical.00032.png,1
classical.00033.png,classical,classical.00033.wav,spectrogram_data\classical\classical.00033.png,1
classical.00034.png,classical,classical.00034.wav,spectrogram_data\classical\classical.00034.png,1
classical.00035.png,classical,classical.00035.wav,spectrogram_data\classical\classical.00035.png,1
classical.00036.png,classical,classical.00036.wav,spectrogram_data\classical\classical.00036.png,1
classical.00037.png,classical,classical.00037.wav,spectrogram_data\classical\classical.00037.png,1
classical.00038.png,classical,classical.00038.wav,spectrogram_data\classical\classical.00038.png,1
classical.00039.png,classical,classical.00039.wav,spectrogram_data\classical\classical.00039.png,1
classical.00040.png,classical,classical.00040.wav,spectrogram_data\classical\classical.00040.png,1
classical.00041.png,classical,classical.00041.wav,spectrogram_data\classical\classical.00041.png,1
classical.00042.png,classical,classical.00042.wav,spectrogram_data\classical\classical.00042.png,1
classical.00043.png,classical,classical.00043.wav,spectrogram_data\classical\classical.00043.png,1
classical.00044.png,classical,classical.00044.wav,spectrogram_data\classical\classical.00044.png,1
classical.00045.png,classical,classical.00045.wav,spectrogram_data\classical\classical.00045.png,1
classical.00046.png,classical,classical.00046.wav,spectrogram_data\classical\classical.00046.png,1
classical.00047.png,classical,classical.00047.wav,spectrogram_data\classical\classical.00047.png,1
classical.00048.png,classical,classical.00048.wav,spectrogram_data\classical\classical.00048.png,1
classical.00049.png,classical,classical.00049.wav,spectrogram_data\classical\classical.00049.png,1
classical.00050.png,classical,classical.00050.wav,spectrogram_data\classical\classical.00050.png,1
classical.00051.png,classical,classical.00051.wav,spectrogram_data\classical\classical.00051.png,1
classical.00052.png,classical,classical.00052.wav,spectrogram_data\classical\classical.00052.png,1
classical.00053.png,classical,classical.00053.wav,spectrogram_data\classical\classical.00053.png,1
classical.00054.png,classical,classical.00054.wav,spectrogram_data\classical\classical.00054.png,1
classical.00055.png,classical,classical.00055.wav,spectrogram_data\classical\classical.00055.png,1
classical.00056.png,classical,classical.00056.wav,spectrogram_data\classical\classical.00056.png,1
classical.00057.png,classical,classical.00057.wav,spectrogram_data\classical\classical.00057.png,1
classical.00058.png,classical,classical.00058.wav,spectrogram_data\classical\classical.00058.png,1
classical.00059.png,classical,classical.00059.wav,spectrogram_data\classical\classical.00059.png,1
classical.00060.png,classical,classical.00060.wav,spectrogram_data\classical\classical.00060.png,1
classical.00061.png,classical,classical.00061.wav,spectrogram_data\classical\classical.00061.png,1
classical.00062.png,classical,classical.00062.wav,spectrogram_data\classical\classical.00062.png,1
classical.00063.png,classical,classical.00063.wav,spectrogram_data\classical\classical.00063.png,1
classical.00064.png,classical,classical.00064.wav,spectrogram_data\classical\classical.00064.png,1
classical.00065.png,classical,classical.00065.wav,spectrogram_data\classical\classical.00065.png,1
classical.00066.png,classical,classical.00066.wav,spectrogram_data\classical\classical.00066.png,1
classical.00067.png,classical,classical.00067.wav,spectrogram_data\classical\classical.00067.png,1
classical.00068.png,classical,classical.00068.wav,spectrogram_data\classical\classical.00068.png,1
classical.00069.png,classical,classical.00069.wav,spectrogram_data\classical\classical.00069.png,1
classical.00070.png,classical,classical.00070.wav,spectrogram_data\classical\classical.00070.png,1
classical.00071.png,classical,classical.00071.wav,spectrogram_data\classical\classical.00071.png,1
classical.00072.png,classical,classical.00072.wav,spectrogram_data\classical\classical.00072.png,1
classical.00073.png,classical,classical.00073.wav,spectrogram_data\classical\classical.00073.png,1
classical.00074.png,classical,classical.00074.wav,spectrogram_data\classical\classical.00074.png,1
classical.00075.png,classical,classical.00075.wav,spectrogram_data\classical\classical.00075.png,1
classical.00076.png,classical,classical.00076.wav,spectrogram_data\classical\classical.00076.png,1
classical.00077.png,classical,classical.00077.wav,spectrogram_data\classical\classical.00077.png,1
classical.00078.png,classical,classical.00078.wav,spectrogram_data\classical\classical.00078.png,1
classical.00079.png,classical,classical.00079.wav,spectrogram_data\classical\classical.00079.png,1
classical.00080.png,classical,classical.00080.wav,spectrogram_data\classical\classical.00080.png,1
classical.00081.png,classical,classical.00081.wav,spectrogram_data\classical\classical.00081.png,1
classical.00082.png,classical,classical.00082.wav,spectrogram_data\classical\classical.00082.png,1
classical.00083.png,classical,classical.00083.wav,spectrogram_data\classical\classical.00083.png,1
classical.00084.png,classical,classical.00084.wav,spectrogram_data\classical\classical.00084.png,1
classical.00085.png,classical,classical.00085.wav,spectrogram_data\classical\classical.00085.png,1
classical.00086.png,classical,classical.00086.wav,spectrogram_data\classical\classical.00086.png,1
classical.00087.png,classical,classical.00087.wav,spectrogram_data\classical\classical.00087.png,1
classical.00088.png,classical,classical.00088.wav,spectrogram_data\classical\classical.00088.png,1
classical.00089.png,classical,classical.00089.wav,spectrogram_data\classical\classical.00089.png,1
classical.00090.png,classical,classical.00090.wav,spectrogram_data\classical\classical.00090.png,1
classical.00091.png,classical,classical.00091.wav,spectrogram_data\classical\classical.00091.png,1
classical.00092.png,classical,classical.00092.wav,spectrogram_data\classical\classical.00092.png,1
classical.00093.png,classical,classical.00093.wav,spectrogram_data\classical\classical.00093.png,1
classical.00094.png,classical,classical.00094.wav,spectrogram_data\classical\classical.00094.png,1
classical.00095.png,classical,classical.00095.wav,spectrogram_data\classical\classical.00095.png,1
classical.00096.png,classical,classical.00096.wav,spectrogram_data\classical\classical.00096.png,1
classical.00097.png,classical,classical.00097.wav,spectrogram_data\classical\classical.00097.png,1
classical.00098.png,classical,classical.00098.wav,spectrogram_data\classical\classical.00098.png,1
classical.00099.png,classical,classical.00099.wav,spectrogram_data\classical\classical.00099.png,1
country.00000.png,country,country.00000.wav,spectrogram_data\country\country.00000.png,2
country.00001.png,country,country.00001.wav,spectrogram_data\country\country.00001.png,2
country.00002.png,country,country.00002.wav,spectrogram_data\country\country.00002.png,2
country.00003.png,country,country.00003.wav,spectrogram_data\country\country.00003.png,2
country.00004.png,country,country.00004.wav,spectrogram_data\country\country.00004.png,2
country.00005.png,country,country.00005.wav,spectrogram_data\country\country.00005.png,2
country.00006.png,country,country.00006.wav,spectrogram_data\country\country.00006.png,2
country.00007.png,country,country.00007.wav,spectrogram_data\country\country.00007.png,2
country.00008.png,country,country.00008.wav,spectrogram_data\country\country.00008.png,2
country.00009.png,country,country.00009.wav,spectrogram_data\country\country.00009.png,2
country.00010.png,country,country.00010.wav,spectrogram_data\country\country.00010.png,2
country.00011.png,country,country.00011.wav,spectrogram_data\country\country.00011.png,2
country.00012.png,country,country.00012.wav,spectrogram_data\country\country.00012.png,2
country.00013.png,country,country.00013.wav,spectrogram_data\country\country.00013.png,2
country.00014.png,country,country.00014.wav,spectrogram_data\country\country.00014.png,2
country.00015.png,country,country.00015.wav,spectrogram_data\country\country.00015.png,2
country.00016.png,country,country.00016.wav,spectrogram_data\country\country.00016.png,2
country.00017.png,country,country.00017.wav,spectrogram_data\country\country.00017.png,2
country.00018.png,country,country.00018.wav,spectrogram_data\country\country.00018.png,2
country.00019.png,country,country.00019.wav,spectrogram_data\country\country.00019.png,2
country.00020.png,country,country.00020.wav,spectrogram_data\country\country.00020.png,2
country.00021.png,country,country.00021.wav,spectrogram_data\country\country.00021.png,2
country.00022.png,country,country.00022.wav,spectrogram_data\country\country.00022.png,2
country.00023.png,country,country.00023.wav,spectrogram_data\country\country.00023.png,2
country.00024.png,country,country.00024.wav,spectrogram_data\country\country.00024.png,2
country.00025.png,country,country.00025.wav,spectrogram_data\country\country.00025.png,2
country.00026.png,country,country.00026.wav,spectrogram_data\country\country.00026.png,2
country.00027.png,country,country.00027.wav,spectrogram_data\country\country.00027.png,2
country.00028.png,country,country.00028.wav,spectrogram_data\country\country.00028.png,2
country.00029.png,country,country.00029.wav,spectrogram_data\country\country.00029.png,2
country.00030.png,country,country.00030.wav,spectrogram_data\country\country.00030.png,2
country.00031.png,country,country.00031.wav,spectrogram_data\country\country.00031.png,2
country.00032.png,country,country.00032.wav,spectrogram_data\country\country.00032.png,2
country.00033.png,country,country.00033.wav,spectrogram_data\country\country.00033.png,2
country.00034.png,country,country.00034.wav,spectrogram_data\country\country.00034.png,2
country.00035.png,country,country.00035.wav,spectrogram_data\country\country.00035.png,2
country.00036.png,country,country.00036.wav,spectrogram_data\country\country.00036.png,2
country.00037.png,country,country.00037.wav,spectrogram_data\country\country.00037.png,2
country.00038.png,country,country.00038.wav,spectrogram_data\country\country.00038.png,2
country.00039.png,country,country.00039.wav,spectrogram_data\country\country.00039.png,2
country.00040.png,country,country.00040.wav,spectrogram_data\country\country.00040.png,2
country.00041.png,country,country.00041.wav,spectrogram_data\country\country.00041.png,2
country.00042.png,country,country.00042.wav,spectrogram_data\country\country.00042.png,2
country.00043.png,country,country.00043.wav,spectrogram_data\country\country.00043.png,2
country.00044.png,country,country.00044.wav,spectrogram_data\country\country.00044.png,2
country.00045.png,country,country.00045.wav,spectrogram_data\country\country.00045.png,2
country.00046.png,country,country.00046.wav,spectrogram_data\country\country.00046.png,2
country.00047.png,country,country.00047.wav,spectrogram_data\country\country.00047.png,2
country.00048.png,country,country.00048.wav,spectrogram_data\country\country.00048.png,2
country.00049.png,country,country.00049.wav,spectrogram_data\country\country.00049.png,2
country.00050.png,country,country.00050.wav,spectrogram_data\country\country.00050.png,2
country.00051.png,country,country.00051.wav,spectrogram_data\country\country.00051.png,2
country.00052.png,country,country.00052.wav,spectrogram_data\country\country.00052.png,2
country.00053.png,country,country.00053.wav,spectrogram_data\country\country.00053.png,2
country.00054.png,country,country.00054.wav,spectrogram_data\country\country.00054.png,2
country.00055.png,country,country.00055.wav,spectrogram_data\country\country.00055.png,2
country.00056.png,country,country.00056.wav,spectrogram_data\country\country.00056.png,2
country.00057.png,country,country.00057.wav,spectrogram_data\country\country.00057.png,2
country.00058.png,country,country.00058.wav,spectrogram_data\country\country.00058.png,2
country.00059.png,country,country.00059.wav,spectrogram_data\country\country.00059.png,2
country.00060.png,country,country.00060.wav,spectrogram_data\country\country.00060.png,2
country.00061.png,country,country.00061.wav,spectrogram_data\country\country.00061.png,2
country.00062.png,country,country.00062.wav,spectrogram_data\country\country.00062.png,2
country.00063.png,country,country.00063.wav,spectrogram_data\country\country.00063.png,2
country.00064.png,country,country.00064.wav,spectrogram_data\country\country.00064.png,2
country.00065.png,country,country.00065.wav,spectrogram_data\country\country.00065.png,2
country.00066.png,country,country.00066.wav,spectrogram_data\country\country.00066.png,2
country.00067.png,country,country.00067.wav,spectrogram_data\country\country.00067.png,2
country.00068.png,country,country.00068.wav,spectrogram_data\country\country.00068.png,2
country.00069.png,country,country.00069.wav,spectrogram_data\country\country.00069.png,2
country.00070.png,country,country.00070.wav,spectrogram_data\country\country.00070.png,2
country.00071.png,country,country.00071.wav,spectrogram_data\country\country.00071.png,2
country.00072.png,country,country.00072.wav,spectrogram_data\country\country.00072.png,2
country.00073.png,country,country.00073.wav,spectrogram_data\country\country.00073.png,2
country.00074.png,country,country.00074.wav,spectrogram_data\country\country.00074.png,2
country.00075.png,country,country.00075.wav,spectrogram_data\country\country.00075.png,2
country.00076.png,country,country.00076.wav,spectrogram_data\country\country.00076.png,2
country.00077.png,country,country.00077.wav,spectrogram_data\country\country.00077.png,2
country.00078.png,country,country.00078.wav,spectrogram_data\country\country.00078.png,2
country.00079.png,country,country.00079.wav,spectrogram_data\country\country.00079.png,2
country.00080.png,country,country.00080.wav,spectrogram_data\country\country.00080.png,2
country.00081.png,country,country.00081.wav,spectrogram_data\country\country.00081.png,2
country.00082.png,country,country.00082.wav,spectrogram_data\country\country.00082.png,2
country.00083.png,country,country.00083.wav,spectrogram_data\country\country.00083.png,2
country.00084.png,country,country.00084.wav,spectrogram_data\country\country.00084.png,2
country.00085.png,country,country.00085.wav,spectrogram_data\country\country.00085.png,2
country.00086.png,country,country.00086.wav,spectrogram_data\country\country.00086.png,2
country.00087.png,country,country.00087.wav,spectrogram_data\country\country.00087.png,2
country.00088.png,country,country.00088.wav,spectrogram_data\country\country.00088.png,2
country.00089.png,country,country.00089.wav,spectrogram_data\country\country.00089.png,2
country.00090.png,country,country.00090.wav,spectrogram_data\country\country.00090.png,2
country.00091.png,country,country.00091.wav,spectrogram_data\country\country.00091.png,2
country.00092.png,country,country.00092.wav,spectrogram_data\country\country.00092.png,2
country.00093.png,country,country.00093.wav,spectrogram_data\country\country.00093.png,2
country.00094.png,country,country.00094.wav,spectrogram_data\country\country.00094.png,2
country.00095.png,country,country.00095.wav,spectrogram_data\country\country.00095.png,2
country.00096.png,country,country.00096.wav,spectrogram_data\country\country.00096.png,2
country.00097.png,country,country.00097.wav,spectrogram_data\country\country.00097.png,2
country.00098.png,country,country.00098.wav,spectrogram_data\country\country.00098.png,2
country.00099.png,country,country.00099.wav,spectrogram_data\country\country.00099.png,2
disco.00000.png,disco,disco.00000.wav,spectrogram_data\disco\disco.00000.png,3
disco.00001.png,disco,disco.00001.wav,spectrogram_data\disco\disco.00001.png,3
disco.00002.png,disco,disco.00002.wav,spectrogram_data\disco\disco.00002.png,3
disco.00003.png,disco,disco.00003.wav,spectrogram_data\disco\disco.00003.png,3
disco.00004.png,disco,disco.00004.wav,spectrogram_data\disco\disco.00004.png,3
disco.00005.png,disco,disco.00005.wav,spectrogram_data\disco\disco.00005.png,3
disco.00006.png,disco,disco.00006.wav,spectrogram_data\disco\disco.00006.png,3
disco.00007.png,disco,disco.00007.wav,spectrogram_data\disco\disco.00007.png,3
disco.00008.png,disco,disco.00008.wav,spectrogram_data\disco\disco.00008.png,3
disco.00009.png,disco,disco.00009.wav,spectrogram_data\disco\disco.00009.png,3
disco.00010.png,disco,disco.00010.wav,spectrogram_data\disco\disco.00010.png,3
disco.00011.png,disco,disco.00011.wav,spectrogram_data\disco\disco.00011.png,3
disco.00012.png,disco,disco.00012.wav,spectrogram_data\disco\disco.00012.png,3
disco.00013.png,disco,disco.00013.wav,spectrogram_data\disco\disco.00013.png,3
disco.00014.png,disco,disco.00014.wav,spectrogram_data\disco\disco.00014.png,3
disco.00015.png,disco,disco.00015.wav,spectrogram_data\disco\disco.00015.png,3
disco.00016.png,disco,disco.00016.wav,spectrogram_data\disco\disco.00016.png,3
disco.00017.png,disco,disco.00017.wav,spectrogram_data\disco\disco.00017.png,3
disco.00018.png,disco,disco.00018.wav,spectrogram_data\disco\disco.00018.png,3
disco.00019.png,disco,disco.00019.wav,spectrogram_data\disco\disco.00019.png,3
disco.00020.png,disco,disco.00020.wav,spectrogram_data\disco\disco.00020.png,3
disco.00021.png,disco,disco.00021.wav,spectrogram_data\disco\disco.00021.png,3
disco.00022.png,disco,disco.00022.wav,spectrogram_data\disco\disco.00022.png,3
disco.00023.png,disco,disco.00023.wav,spectrogram_data\disco\disco.00023.png,3
disco.00024.png,disco,disco.00024.wav,spectrogram_data\disco\disco.00024.png,3
disco.00025.png,disco,disco.00025.wav,spectrogram_data\disco\disco.00025.png,3
disco.00026.png,disco,disco.00026.wav,spectrogram_data\disco\disco.00026.png,3
disco.00027.png,disco,disco.00027.wav,spectrogram_data\disco\disco.00027.png,3
disco.00028.png,disco,disco.00028.wav,spectrogram_data\disco\disco.00028.png,3
disco.00029.png,disco,disco.00029.wav,spectrogram_data\disco\disco.00029.png,3
disco.00030.png,disco,disco.00030.wav,spectrogram_data\disco\disco.00030.png,3
disco.00031.png,disco,disco.00031.wav,spectrogram_data\disco\disco.00031.png,3
disco.00032.png,disco,disco.00032.wav,spectrogram_data\disco\disco.00032.png,3
disco.00033.png,disco,disco.00033.wav,spectrogram_data\disco\disco.00033.png,3
disco.00034.png,disco,disco.00034.wav,spectrogram_data\disco\disco.00034.png,3
disco.00035.png,disco,disco.00035.wav,spectrogram_data\disco\disco.00035.png,3
disco.00036.png,disco,disco.00036.wav,spectrogram_data\disco\disco.00036.png,3
disco.00037.png,disco,disco.00037.wav,spectrogram_data\disco\disco.00037.png,3
disco.00038.png,disco,disco.00038.wav,spectrogram_data\disco\disco.00038.png,3
disco.00039.png,disco,disco.00039.wav,spectrogram_data\disco\disco.00039.png,3
disco.00040.png,disco,disco.00040.wav,spectrogram_data\disco\disco.00040.png,3
disco.00041.png,disco,disco.00041.wav,spectrogram_data\disco\disco.00041.png,3
disco.00042.png,disco,disco.00042.wav,spectrogram_data\disco\disco.00042.png,3
disco.00043.png,disco,disco.00043.wav,spectrogram_data\disco\disco.00043.png,3
disco.00044.png,disco,disco.00044.wav,spectrogram_data\disco\disco.00044.png,3
disco.00045.png,disco,disco.00045.wav,spectrogram_data\disco\disco.00045.png,3
disco.00046.png,disco,disco.00046.wav,spectrogram_data\disco\disco.00046.png,3
disco.00047.png,disco,disco.00047.wav,spectrogram_data\disco\disco.00047.png,3
disco.00048.png,disco,disco.00048.wav,spectrogram_data\disco\disco.00048.png,3
disco.00049.png,disco,disco.00049.wav,spectrogram_data\disco\disco.00049.png,3
disco.00050.png,disco,disco.00050.wav,spectrogram_data\disco\disco.00050.png,3
disco.00051.png,disco,disco.00051.wav,spectrogram_data\disco\disco.00051.png,3
disco.00052.png,disco,disco.00052.wav,spectrogram_data\disco\disco.00052.png,3
disco.00053.png,disco,disco.00053.wav,spectrogram_data\disco\disco.00053.png,3
disco.00054.png,disco,disco.00054.wav,spectrogram_data\disco\disco.00054.png,3
disco.00055.png,disco,disco.00055.wav,spectrogram_data\disco\disco.00055.png,3
disco.00056.png,disco,disco.00056.wav,spectrogram_data\disco\disco.00056.png,3
disco.00057.png,disco,disco.00057.wav,spectrogram_data\disco\disco.00057.png,3
disco.00058.png,disco,disco.00058.wav,spectrogram_data\disco\disco.00058.png,3
disco.00059.png,disco,disco.00059.wav,spectrogram_data\disco\disco.00059.png,3
disco.00060.png,disco,disco.00060.wav,spectrogram_data\disco\disco.00060.png,3
disco.00061.png,disco,disco.00061.wav,spectrogram_data\disco\disco.00061.png,3
disco.00062.png,disco,disco.00062.wav,spectrogram_data\disco\disco.00062.png,3
disco.00063.png,disco,disco.00063.wav,spectrogram_data\disco\disco.00063.png,3
disco.00064.png,disco,disco.00064.wav,spectrogram_data\disco\disco.00064.png,3
disco.00065.png,disco,disco.00065.wav,spectrogram_data\disco\disco.00065.png,3
disco.00066.png,disco,disco.00066.wav,spectrogram_data\disco\disco.00066.png,3
disco.00067.png,disco,disco.00067.wav,spectrogram_data\disco\disco.00067.png,3
disco.00068.png,disco,disco.00068.wav,spectrogram_data\disco\disco.00068.png,3
disco.00069.png,disco,disco.00069.wav,spectrogram_data\disco\disco.00069.png,3
disco.00070.png,disco,disco.00070.wav,spectrogram_data\disco\disco.00070.png,3
disco.00071.png,disco,disco.00071.wav,spectrogram_data\disco\disco.00071.png,3
disco.00072.png,disco,disco.00072.wav,spectrogram_data\disco\disco.00072.png,3
disco.00073.png,disco,disco.00073.wav,spectrogram_data\disco\disco.00073.png,3
disco.00074.png,disco,disco.00074.wav,spectrogram_data\disco\disco.00074.png,3
disco.00075.png,disco,disco.00075.wav,spectrogram_data\disco\disco.00075.png,3
disco.00076.png,disco,disco.00076.wav,spectrogram_data\disco\disco.00076.png,3
disco.00077.png,disco,disco.00077.wav,spectrogram_data\disco\disco.00077.png,3
disco.00078.png,disco,disco.00078.wav,spectrogram_data\disco\disco.00078.png,3
disco.00079.png,disco,disco.00079.wav,spectrogram_data\disco\disco.00079.png,3
disco.00080.png,disco,disco.00080.wav,spectrogram_data\disco\disco.00080.png,3
disco.00081.png,disco,disco.00081.wav,spectrogram_data\disco\disco.00081.png,3
disco.00082.png,disco,disco.00082.wav,spectrogram_data\disco\disco.00082.png,3
disco.00083.png,disco,disco.00083.wav,spectrogram_data\disco\disco.00083.png,3
disco.00084.png,disco,disco.00084.wav,spectrogram_data\disco\disco.00084.png,3
disco.00085.png,disco,disco.00085.wav,spectrogram_data\disco\disco.00085.png,3
disco.00086.png,disco,disco.00086.wav,spectrogram_data\disco\disco.00086.png,3
disco.00087.png,disco,disco.00087.wav,spectrogram_data\disco\disco.00087.png,3
disco.00088.png,disco,disco.00088.wav,spectrogram_data\disco\disco.00088.png,3
disco.00089.png,disco,disco.00089.wav,spectrogram_data\disco\disco.00089.png,3
disco.00090.png,disco,disco.00090.wav,spectrogram_data\disco\disco.00090.png,3
disco.00091.png,disco,disco.00091.wav,spectrogram_data\disco\disco.00091.png,3
disco.00092.png,disco,disco.00092.wav,spectrogram_data\disco\disco.00092.png,3
disco.00093.png,disco,disco.00093.wav,spectrogram_data\disco\disco.00093.png,3
disco.00094.png,disco,disco.00094.wav,spectrogram_data\disco\disco.00094.png,3
disco.00095.png,disco,disco.00095.wav,spectrogram_data\disco\disco.00095.png,3
disco.00096.png,disco,disco.00096.wav,spectrogram_data\disco\disco.00096.png,3
disco.00097.png,disco,disco.00097.wav,spectrogram_data\disco\disco.00097.png,3
disco.00098.png,disco,disco.00098.wav,spectrogram_data\disco\disco.00098.png,3
disco.00099.png,disco,disco.00099.wav,spectrogram_data\disco\disco.00099.png,3
hiphop.00000.png,hiphop,hiphop.00000.wav,spectrogram_data\hiphop\hiphop.00000.png,4
hiphop.00001.png,hiphop,hiphop.00001.wav,spectrogram_data\hiphop\hiphop.00001.png,4
hiphop.00002.png,hiphop,hiphop.00002.wav,spectrogram_data\hiphop\hiphop.00002.png,4
hiphop.00003.png,hiphop,hiphop.00003.wav,spectrogram_data\hiphop\hiphop.00003.png,4
hiphop.00004.png,hiphop,hiphop.00004.wav,spectrogram_data\hiphop\hiphop.00004.png,4
hiphop.00005.png,hiphop,hiphop.00005.wav,spectrogram_data\hiphop\hiphop.00005.png,4
hiphop.00006.png,hiphop,hiphop.00006.wav,spectrogram_data\hiphop\hiphop.00006.png,4
hiphop.00007.png,hiphop,hiphop.00007.wav,spectrogram_data\hiphop\hiphop.00007.png,4
hiphop.00008.png,hiphop,hiphop.00008.wav,spectrogram_data\hiphop\hiphop.00008.png,4
hiphop.00009.png,hiphop,hiphop.00009.wav,spectrogram_data\hiphop\hiphop.00009.png,4
hiphop.00010.png,hiphop,hiphop.00010.wav,spectrogram_data\hiphop\hiphop.00010.png,4
hiphop.00011.png,hiphop,hiphop.00011.wav,spectrogram_data\hiphop\hiphop.00011.png,4
hiphop.00012.png,hiphop,hiphop.00012.wav,spectrogram_data\hiphop\hiphop.00012.png,4
hiphop.00013.png,hiphop,hiphop.00013.wav,spectrogram_data\hiphop\hiphop.00013.png,4
hiphop.00014.png,hiphop,hiphop.00014.wav,spectrogram_data\hiphop\hiphop.00014.png,4
hiphop.00015.png,hiphop,hiphop.00015.wav,spectrogram_data\hiphop\hiphop.00015.png,4
hiphop.00016.png,hiphop,hiphop.00016.wav,spectrogram_data\hiphop\hiphop.00016.png,4
hiphop.00017.png,hiphop,hiphop.00017.wav,spectrogram_data\hiphop\hiphop.00017.png,4
hiphop.00018.png,hiphop,hiphop.00018.wav,spectrogram_data\hiphop\hiphop.00018.png,4
hiphop.00019.png,hiphop,hiphop.00019.wav,spectrogram_data\hiphop\hiphop.00019.png,4
hiphop.00020.png,hiphop,hiphop.00020.wav,spectrogram_data\hiphop\hiphop.00020.png,4
hiphop.00021.png,hiphop,hiphop.00021.wav,spectrogram_data\hiphop\hiphop.00021.png,4
hiphop.00022.png,hiphop,hiphop.00022.wav,spectrogram_data\hiphop\hiphop.00022.png,4
hiphop.00023.png,hiphop,hiphop.00023.wav,spectrogram_data\hiphop\hiphop.00023.png,4
hiphop.00024.png,hiphop,hiphop.00024.wav,spectrogram_data\hiphop\hiphop.00024.png,4
hiphop.00025.png,hiphop,hiphop.00025.wav,spectrogram_data\hiphop\hiphop.00025.png,4
hiphop.00026.png,hiphop,hiphop.00026.wav,spectrogram_data\hiphop\hiphop.00026.png,4
hiphop.00027.png,hiphop,hiphop.00027.wav,spectrogram_data\hiphop\hiphop.00027.png,4
hiphop.00028.png,hiphop,hiphop.00028.wav,spectrogram_data\hiphop\hiphop.00028.png,4
hiphop.00029.png,hiphop,hiphop.00029.wav,spectrogram_data\hiphop\hiphop.00029.png,4
hiphop.00030.png,hiphop,hiphop.00030.wav,spectrogram_data\hiphop\hiphop.00030.png,4
hiphop.00031.png,hiphop,hiphop.00031.wav,spectrogram_data\hiphop\hiphop.00031.png,4
hiphop.00032.png,hiphop,hiphop.00032.wav,spectrogram_data\hiphop\hiphop.00032.png,4
hiphop.00033.png,hiphop,hiphop.00033.wav,spectrogram_data\hiphop\hiphop.00033.png,4
hiphop.00034.png,hiphop,hiphop.00034.wav,spectrogram_data\hiphop\hiphop.00034.png,4
hiphop.00035.png,hiphop,hiphop.00035.wav,spectrogram_data\hiphop\hiphop.00035.png,4
hiphop.00036.png,hiphop,hiphop.00036.wav,spectrogram_data\hiphop\hiphop.00036.png,4
hiphop.00037.png,hiphop,hiphop.00037.wav,spectrogram_data\hiphop\hiphop.00037.png,4
hiphop.00038.png,hiphop,hiphop.00038.wav,spectrogram_data\hiphop\hiphop.00038.png,4
hiphop.00039.png,hiphop,hiphop.00039.wav,spectrogram_data\hiphop\hiphop.00039.png,4
hiphop.00040.png,hiphop,hiphop.00040.wav,spectrogram_data\hiphop\hiphop.00040.png,4
hiphop.00041.png,hiphop,hiphop.00041.wav,spectrogram_data\hiphop\hiphop.00041.png,4
hiphop.00042.png,hiphop,hiphop.00042.wav,spectrogram_data\hiphop\hiphop.00042.png,4
hiphop.00043.png,hiphop,hiphop.00043.wav,spectrogram_data\hiphop\hiphop.00043.png,4
hiphop.00044.png,hiphop,hiphop.00044.wav,spectrogram_data\hiphop\hiphop.00044.png,4
hiphop.00045.png,hiphop,hiphop.00045.wav,spectrogram_data\hiphop\hiphop.00045.png,4
hiphop.00046.png,hiphop,hiphop.00046.wav,spectrogram_data\hiphop\hiphop.00046.png,4
hiphop.00047.png,hiphop,hiphop.00047.wav,spectrogram_data\hiphop\hiphop.00047.png,4
hiphop.00048.png,hiphop,hiphop.00048.wav,spectrogram_data\hiphop\hiphop.00048.png,4
hiphop.00049.png,hiphop,hiphop.00049.wav,spectrogram_data\hiphop\hiphop.00049.png,4
hiphop.00050.png,hiphop,hiphop.00050.wav,spectrogram_data\hiphop\hiphop.00050.png,4
hiphop.00051.png,hiphop,hiphop.00051.wav,spectrogram_data\hiphop\hiphop.00051.png,4
hiphop.00052.png,hiphop,hiphop.00052.wav,spectrogram_data\hiphop\hiphop.00052.png,4
hiphop.00053.png,hiphop,hiphop.00053.wav,spectrogram_data\hiphop\hiphop.00053.png,4
hiphop.00054.png,hiphop,hiphop.00054.wav,spectrogram_data\hiphop\hiphop.00054.png,4
hiphop.00055.png,hiphop,hiphop.00055.wav,spectrogram_data\hiphop\hiphop.00055.png,4
hiphop.00056.png,hiphop,hiphop.00056.wav,spectrogram_data\hiphop\hiphop.00056.png,4
hiphop.00057.png,hiphop,hiphop.00057.wav,spectrogram_data\hiphop\hiphop.00057.png,4
hiphop.00058.png,hiphop,hiphop.00058.wav,spectrogram_data\hiphop\hiphop.00058.png,4
hiphop.00059.png,hiphop,hiphop.00059.wav,spectrogram_data\hiphop\hiphop.00059.png,4
hiphop.00060.png,hiphop,hiphop.00060.wav,spectrogram_data\hiphop\hiphop.00060.png,4
hiphop.00061.png,hiphop,hiphop.00061.wav,spectrogram_data\hiphop\hiphop.00061.png,4
hiphop.00062.png,hiphop,hiphop.00062.wav,spectrogram_data\hiphop\hiphop.00062.png,4
hiphop.00063.png,hiphop,hiphop.00063.wav,spectrogram_data\hiphop\hiphop.00063.png,4
hiphop.00064.png,hiphop,hiphop.00064.wav,spectrogram_data\hiphop\hiphop.00064.png,4
hiphop.00065.png,hiphop,hiphop.00065.wav,spectrogram_data\hiphop\hiphop.00065.png,4
hiphop.00066.png,hiphop,hiphop.00066.wav,spectrogram_data\hiphop\hiphop.00066.png,4
hiphop.00067.png,hiphop,hiphop.00067.wav,spectrogram_data\hiphop\hiphop.00067.png,4
hiphop.00068.png,hiphop,hiphop.00068.wav,spectrogram_data\hiphop\hiphop.00068.png,4
hiphop.00069.png,hiphop,hiphop.00069.wav,spectrogram_data\hiphop\hiphop.00069.png,4
hiphop.00070.png,hiphop,hiphop.00070.wav,spectrogram_data\hiphop\hiphop.00070.png,4
hiphop.00071.png,hiphop,hiphop.00071.wav,spectrogram_data\hiphop\hiphop.00071.png,4
hiphop.00072.png,hiphop,hiphop.00072.wav,spectrogram_data\hiphop\hiphop.00072.png,4
hiphop.00073.png,hiphop,hiphop.00073.wav,spectrogram_data\hiphop\hiphop.00073.png,4
hiphop.00074.png,hiphop,hiphop.00074.wav,spectrogram_data\hiphop\hiphop.00074.png,4
hiphop.00075.png,hiphop,hiphop.00075.wav,spectrogram_data\hiphop\hiphop.00075.png,4
hiphop.00076.png,hiphop,hiphop.00076.wav,spectrogram_data\hiphop\hiphop.00076.png,4
hiphop.00077.png,hiphop,hiphop.00077.wav,spectrogram_data\hiphop\hiphop.00077.png,4
hiphop.00078.png,hiphop,hiphop.00078.wav,spectrogram_data\hiphop\hiphop.00078.png,4
hiphop.00079.png,hiphop,hiphop.00079.wav,spectrogram_data\hiphop\hiphop.00079.png,4
hiphop.00080.png,hiphop,hiphop.00080.wav,spectrogram_data\hiphop\hiphop.00080.png,4
hiphop.00081.png,hiphop,hiphop.00081.wav,spectrogram_data\hiphop\hiphop.00081.png,4
hiphop.00082.png,hiphop,hiphop.00082.wav,spectrogram_data\hiphop\hiphop.00082.png,4
hiphop.00083.png,hiphop,hiphop.00083.wav,spectrogram_data\hiphop\hiphop.00083.png,4
hiphop.00084.png,hiphop,hiphop.00084.wav,spectrogram_data\hiphop\hiphop.00084.png,4
hiphop.00085.png,hiphop,hiphop.00085.wav,spectrogram_data\hiphop\hiphop.00085.png,4
hiphop.00086.png,hiphop,hiphop.00086.wav,spectrogram_data\hiphop\hiphop.00086.png,4
hiphop.00087.png,hiphop,hiphop.00087.wav,spectrogram_data\hiphop\hiphop.00087.png,4
hiphop.00088.png,hiphop,hiphop.00088.wav,spectrogram_data\hiphop\hiphop.00088.png,4
hiphop.00089.png,hiphop,hiphop.00089.wav,spectrogram_data\hiphop\hiphop.00089.png,4
hiphop.00090.png,hiphop,hiphop.00090.wav,spectrogram_data\hiphop\hiphop.00090.png,4
hiphop.00091.png,hiphop,hiphop.00091.wav,spectrogram_data\hiphop\hiphop.00091.png,4
hiphop.00092.png,hiphop,hiphop.00092.wav,spectrogram_data\hiphop\hiphop.00092.png,4
hiphop.00093.png,hiphop,hiphop.00093.wav,spectrogram_data\hiphop\hiphop.00093.png,4
hiphop.00094.png,hiphop,hiphop.00094.wav,spectrogram_data\hiphop\hiphop.00094.png,4
hiphop.00095.png,hiphop,hiphop.00095.wav,spectrogram_data\hiphop\hiphop.00095.png,4
hiphop.00096.png,hiphop,hiphop.00096.wav,spectrogram_data\hiphop\hiphop.00096.png,4
hiphop.00097.png,hiphop,hiphop.00097.wav,spectrogram_data\hiphop\hiphop.00097.png,4
hiphop.00098.png,hiphop,hiphop.00098.wav,spectrogram_data\hiphop\hiphop.00098.png,4
hiphop.00099.png,hiphop,hiphop.00099.wav,spectrogram_data\hiphop\hiphop.00099.png,4
jazz.00000.png,jazz,jazz.00000.wav,spectrogram_data\jazz\jazz.00000.png,5
jazz.00001.png,jazz,jazz.00001.wav,spectrogram_data\jazz\jazz.00001.png,5
jazz.00002.png,jazz,jazz.00002.wav,spectrogram_data\jazz\jazz.00002.png,5
jazz.00003.png,jazz,jazz.00003.wav,spectrogram_data\jazz\jazz.00003.png,5
jazz.00004.png,jazz,jazz.00004.wav,spectrogram_data\jazz\jazz.00004.png,5
jazz.00005.png,jazz,jazz.00005.wav,spectrogram_data\jazz\jazz.00005.png,5
jazz.00006.png,jazz,jazz.00006.wav,spectrogram_data\jazz\jazz.00006.png,5
jazz.00007.png,jazz,jazz.00007.wav,spectrogram_data\jazz\jazz.00007.png,5
jazz.00008.png,jazz,jazz.00008.wav,spectrogram_data\jazz\jazz.00008.png,5
jazz.00009.png,jazz,jazz.00009.wav,spectrogram_data\jazz\jazz.00009.png,5
jazz.00010.png,jazz,jazz.00010.wav,spectrogram_data\jazz\jazz.00010.png,5
jazz.00011.png,jazz,jazz.00011.wav,spectrogram_data\jazz\jazz.00011.png,5
jazz.00012.png,jazz,jazz.00012.wav,spectrogram_data\jazz\jazz.00012.png,5
jazz.00013.png,jazz,jazz.00013.wav,spectrogram_data\jazz\jazz.00013.png,5
jazz.00014.png,jazz,jazz.00014.wav,spectrogram_data\jazz\jazz.00014.png,5
jazz.00015.png,jazz,jazz.00015.wav,spectrogram_data\jazz\jazz.00015.png,5
jazz.00016.png,jazz,jazz.00016.wav,spectrogram_data\jazz\jazz.00016.png,5
jazz.00017.png,jazz,jazz.00017.wav,spectrogram_data\jazz\jazz.00017.png,5
jazz.00018.png,jazz,jazz.00018.wav,spectrogram_data\jazz\jazz.00018.png,5
jazz.00019.png,jazz,jazz.00019.wav,spectrogram_data\jazz\jazz.00019.png,5
jazz.00020.png,jazz,jazz.00020.wav,spectrogram_data\jazz\jazz.00020.png,5
jazz.00021.png,jazz,jazz.00021.wav,spectrogram_data\jazz\jazz.00021.png,5
jazz.00022.png,jazz,jazz.00022.wav,spectrogram_data\jazz\jazz.00022.png,5
jazz.00023.png,jazz,jazz.00023.wav,spectrogram_data\jazz\jazz.00023.png,5
jazz.00024.png,jazz,jazz.00024.wav,spectrogram_data\jazz\jazz.00024.png,5
jazz.00025.png,jazz,jazz.00025.wav,spectrogram_data\jazz\jazz.00025.png,5
jazz.00026.png,jazz,jazz.00026.wav,spectrogram_data\jazz\jazz.00026.png,5
jazz.00027.png,jazz,jazz.00027.wav,spectrogram_data\jazz\jazz.00027.png,5
jazz.00028.png,jazz,jazz.00028.wav,spectrogram_data\jazz\jazz.00028.png,5
jazz.00029.png,jazz,jazz.00029.wav,spectrogram_data\jazz\jazz.00029.png,5
jazz.00030.png,jazz,jazz.00030.wav,spectrogram_data\jazz\jazz.00030.png,5
jazz.00031.png,jazz,jazz.00031.wav,spectrogram_data\jazz\jazz.00031.png,5
jazz.00032.png,jazz,jazz.00032.wav,spectrogram_data\jazz\jazz.00032.png,5
jazz.00033.png,jazz,jazz.00033.wav,spectrogram_data\jazz\jazz.00033.png,5
jazz.00034.png,jazz,jazz.00034.wav,spectrogram_data\jazz\jazz.00034.png,5
jazz.00035.png,jazz,jazz.00035.wav,spectrogram_data\jazz\jazz.00035.png,5
jazz.00036.png,jazz,jazz.00036.wav,spectrogram_data\jazz\jazz.00036.png,5
jazz.00037.png,jazz,jazz.00037.wav,spectrogram_data\jazz\jazz.00037.png,5
jazz.00038.png,jazz,jazz.00038.wav,spectrogram_data\jazz\jazz.00038.png,5
jazz.00039.png,jazz,jazz.00039.wav,spectrogram_data\jazz\jazz.00039.png,5
jazz.00040.png,jazz,jazz.00040.wav,spectrogram_data\jazz\jazz.00040.png,5
jazz.00041.png,jazz,jazz.00041.wav,spectrogram_data\jazz\jazz.00041.png,5
jazz.00042.png,jazz,jazz.00042.wav,spectrogram_data\jazz\jazz.00042.png,5
jazz.00043.png,jazz,jazz.00043.wav,spectrogram_data\jazz\jazz.00043.png,5
jazz.00044.png,jazz,jazz.00044.wav,spectrogram_data\jazz\jazz.00044.png,5
jazz.00045.png,jazz,jazz.00045.wav,spectrogram_data\jazz\jazz.00045.png,5
jazz.00046.png,jazz,jazz.00046.wav,spectrogram_data\jazz\jazz.00046.png,5
jazz.00047.png,jazz,jazz.00047.wav,spectrogram_data\jazz\jazz.00047.png,5
jazz.00048.png,jazz,jazz.00048.wav,spectrogram_data\jazz\jazz.00048.png,5
jazz.00049.png,jazz,jazz.00049.wav,spectrogram_data\jazz\jazz.00049.png,5
jazz.00050.png,jazz,jazz.00050.wav,spectrogram_data\jazz\jazz.00050.png,5
jazz.00051.png,jazz,jazz.00051.wav,spectrogram_data\jazz\jazz.00051.png,5
jazz.00052.png,jazz,jazz.00052.wav,spectrogram_data\jazz\jazz.00052.png,5
jazz.00053.png,jazz,jazz.00053.wav,spectrogram_data\jazz\jazz.00053.png,5
jazz.00055.png,jazz,jazz.00055.wav,spectrogram_data\jazz\jazz.00055.png,5
jazz.00056.png,jazz,jazz.00056.wav,spectrogram_data\jazz\jazz.00056.png,5
jazz.00057.png,jazz,jazz.00057.wav,spectrogram_data\jazz\jazz.00057.png,5
jazz.00058.png,jazz,jazz.00058.wav,spectrogram_data\jazz\jazz.00058.png,5
jazz.00059.png,jazz,jazz.00059.wav,spectrogram_data\jazz\jazz.00059.png,5
jazz.00060.png,jazz,jazz.00060.wav,spectrogram_data\jazz\jazz.00060.png,5
jazz.00061.png,jazz,jazz.00061.wav,spectrogram_data\jazz\jazz.00061.png,5
jazz.00062.png,jazz,jazz.00062.wav,spectrogram_data\jazz\jazz.00062.png,5
jazz.00063.png,jazz,jazz.00063.wav,spectrogram_data\jazz\jazz.00063.png,5
jazz.00064.png,jazz,jazz.00064.wav,spectrogram_data\jazz\jazz.00064.png,5
jazz.00065.png,jazz,jazz.00065.wav,spectrogram_data\jazz\jazz.00065.png,5
jazz.00066.png,jazz,jazz.00066.wav,spectrogram_data\jazz\jazz.00066.png,5
jazz.00067.png,jazz,jazz.00067.wav,spectrogram_data\jazz\jazz.00067.png,5
jazz.00068.png,jazz,jazz.00068.wav,spectrogram_data\jazz\jazz.00068.png,5
jazz.00069.png,jazz,jazz.00069.wav,spectrogram_data\jazz\jazz.00069.png,5
jazz.00070.png,jazz,jazz.00070.wav,spectrogram_data\jazz\jazz.00070.png,5
jazz.00071.png,jazz,jazz.00071.wav,spectrogram_data\jazz\jazz.00071.png,5
jazz.00072.png,jazz,jazz.00072.wav,spectrogram_data\jazz\jazz.00072.png,5
jazz.00073.png,jazz,jazz.00073.wav,spectrogram_data\jazz\jazz.00073.png,5
jazz.00074.png,jazz,jazz.00074.wav,spectrogram_data\jazz\jazz.00074.png,5
jazz.00075.png,jazz,jazz.00075.wav,spectrogram_data\jazz\jazz.00075.png,5
jazz.00076.png,jazz,jazz.00076.wav,spectrogram_data\jazz\jazz.00076.png,5
jazz.00077.png,jazz,jazz.00077.wav,spectrogram_data\jazz\jazz.00077.png,5
jazz.00078.png,jazz,jazz.00078.wav,spectrogram_data\jazz\jazz.00078.png,5
jazz.00079.png,jazz,jazz.00079.wav,spectrogram_data\jazz\jazz.00079.png,5
jazz.00080.png,jazz,jazz.00080.wav,spectrogram_data\jazz\jazz.00080.png,5
jazz.00081.png,jazz,jazz.00081.wav,spectrogram_data\jazz\jazz.00081.png,5
jazz.00082.png,jazz,jazz.00082.wav,spectrogram_data\jazz\jazz.00082.png,5
jazz.00083.png,jazz,jazz.00083.wav,spectrogram_data\jazz\jazz.00083.png,5
jazz.00084.png,jazz,jazz.00084.wav,spectrogram_data\jazz\jazz.00084.png,5
jazz.00085.png,jazz,jazz.00085.wav,spectrogram_data\jazz\jazz.00085.png,5
jazz.00086.png,jazz,jazz.00086.wav,spectrogram_data\jazz\jazz.00086.png,5
jazz.00087.png,jazz,jazz.00087.wav,spectrogram_data\jazz\jazz.00087.png,5
jazz.00088.png,jazz,jazz.00088.wav,spectrogram_data\jazz\jazz.00088.png,5
jazz.00089.png,jazz,jazz.00089.wav,spectrogram_data\jazz\jazz.00089.png,5
jazz.00090.png,jazz,jazz.00090.wav,spectrogram_data\jazz\jazz.00090.png,5
jazz.00091.png,jazz,jazz.00091.wav,spectrogram_data\jazz\jazz.00091.png,5
jazz.00092.png,jazz,jazz.00092.wav,spectrogram_data\jazz\jazz.00092.png,5
jazz.00093.png,jazz,jazz.00093.wav,spectrogram_data\jazz\jazz.00093.png,5
jazz.00094.png,jazz,jazz.00094.wav,spectrogram_data\jazz\jazz.00094.png,5
jazz.00095.png,jazz,jazz.00095.wav,spectrogram_data\jazz\jazz.00095.png,5
jazz.00096.png,jazz,jazz.00096.wav,spectrogram_data\jazz\jazz.00096.png,5
jazz.00097.png,jazz,jazz.00097.wav,spectrogram_data\jazz\jazz.00097.png,5
jazz.00098.png,jazz,jazz.00098.wav,spectrogram_data\jazz\jazz.00098.png,5
jazz.00099.png,jazz,jazz.00099.wav,spectrogram_data\jazz\jazz.00099.png,5
metal.00000.png,metal,metal.00000.wav,spectrogram_data\metal\metal.00000.png,6
metal.00001.png,metal,metal.00001.wav,spectrogram_data\metal\metal.00001.png,6
metal.00002.png,metal,metal.00002.wav,spectrogram_data\metal\metal.00002.png,6
metal.00003.png,metal,metal.00003.wav,spectrogram_data\metal\metal.00003.png,6
metal.00004.png,metal,metal.00004.wav,spectrogram_data\metal\metal.00004.png,6
metal.00005.png,metal,metal.00005.wav,spectrogram_data\metal\metal.00005.png,6
metal.00006.png,metal,metal.00006.wav,spectrogram_data\metal\metal.00006.png,6
metal.00007.png,metal,metal.00007.wav,spectrogram_data\metal\metal.00007.png,6
metal.00008.png,metal,metal.00008.wav,spectrogram_data\metal\metal.00008.png,6
metal.00009.png,metal,metal.00009.wav,spectrogram_data\metal\metal.00009.png,6
metal.00010.png,metal,metal.00010.wav,spectrogram_data\metal\metal.00010.png,6
metal.00011.png,metal,metal.00011.wav,spectrogram_data\metal\metal.00011.png,6
metal.00012.png,metal,metal.00012.wav,spectrogram_data\metal\metal.00012.png,6
metal.00013.png,metal,metal.00013.wav,spectrogram_data\metal\metal.00013.png,6
metal.00014.png,metal,metal.00014.wav,spectrogram_data\metal\metal.00014.png,6
metal.00015.png,metal,metal.00015.wav,spectrogram_data\metal\metal.00015.png,6
metal.00016.png,metal,metal.00016.wav,spectrogram_data\metal\metal.00016.png,6
metal.00017.png,metal,metal.00017.wav,spectrogram_data\metal\metal.00017.png,6
metal.00018.png,metal,metal.00018.wav,spectrogram_data\metal\metal.00018.png,6
metal.00019.png,metal,metal.00019.wav,spectrogram_data\metal\metal.00019.png,6
metal.00020.png,metal,metal.00020.wav,spectrogram_data\metal\metal.00020.png,6
metal.00021.png,metal,metal.00021.wav,spectrogram_data\metal\metal.00021.png,6
metal.00022.png,metal,metal.00022.wav,spectrogram_data\metal\metal.00022.png,6
metal.00023.png,metal,metal.00023.wav,spectrogram_data\metal\metal.00023.png,6
metal.00024.png,metal,metal.00024.wav,spectrogram_data\metal\metal.00024.png,6
metal.00025.png,metal,metal.00025.wav,spectrogram_data\metal\metal.00025.png,6
metal.00026.png,metal,metal.00026.wav,spectrogram_data\metal\metal.00026.png,6
metal.00027.png,metal,metal.00027.wav,spectrogram_data\metal\metal.00027.png,6
metal.00028.png,metal,metal.00028.wav,spectrogram_data\metal\metal.00028.png,6
metal.00029.png,metal,metal.00029.wav,spectrogram_data\metal\metal.00029.png,6
metal.00030.png,metal,metal.00030.wav,spectrogram_data\metal\metal.00030.png,6
metal.00031.png,metal,metal.00031.wav,spectrogram_data\metal\metal.00031.png,6
metal.00032.png,metal,metal.00032.wav,spectrogram_data\metal\metal.00032.png,6
metal.00033.png,metal,metal.00033.wav,spectrogram_data\metal\metal.00033.png,6
metal.00034.png,metal,metal.00034.wav,spectrogram_data\metal\metal.00034.png,6
metal.00035.png,metal,metal.00035.wav,spectrogram_data\metal\metal.00035.png,6
metal.00036.png,metal,metal.00036.wav,spectrogram_data\metal\metal.00036.png,6
metal.00037.png,metal,metal.00037.wav,spectrogram_data\metal\metal.00037.png,6
metal.00038.png,metal,metal.00038.wav,spectrogram_data\metal\metal.00038.png,6
metal.00039.png,metal,metal.00039.wav,spectrogram_data\metal\metal.00039.png,6
metal.00040.png,metal,metal.00040.wav,spectrogram_data\metal\metal.00040.png,6
metal.00041.png,metal,metal.00041.wav,spectrogram_data\metal\metal.00041.png,6
metal.00042.png,metal,metal.00042.wav,spectrogram_data\metal\metal.00042.png,6
metal.00043.png,metal,metal.00043.wav,spectrogram_data\metal\metal.00043.png,6
metal.00044.png,metal,metal.00044.wav,spectrogram_data\metal\metal.00044.png,6
metal.00045.png,metal,metal.00045.wav,spectrogram_data\metal\metal.00045.png,6
metal.00046.png,metal,metal.00046.wav,spectrogram_data\metal\metal.00046.png,6
metal.00047.png,metal,metal.00047.wav,spectrogram_data\metal\metal.00047.png,6
metal.00048.png,metal,metal.00048.wav,spectrogram_data\metal\metal.00048.png,6
metal.00049.png,metal,metal.00049.wav,spectrogram_data\metal\metal.00049.png,6
metal.00050.png,metal,metal.00050.wav,spectrogram_data\metal\metal.00050.png,6
metal.00051.png,metal,metal.00051.wav,spectrogram_data\metal\metal.00051.png,6
metal.00052.png,metal,metal.00052.wav,spectrogram_data\metal\metal.00052.png,6
metal.00053.png,metal,metal.00053.wav,spectrogram_data\metal\metal.00053.png,6
metal.00054.png,metal,metal.00054.wav,spectrogram_data\metal\metal.00054.png,6
metal.00055.png,metal,metal.00055.wav,spectrogram_data\metal\metal.00055.png,6
metal.00056.png,metal,metal.00056.wav,spectrogram_data\metal\metal.00056.png,6
metal.00057.png,metal,metal.00057.wav,spectrogram_data\metal\metal.00057.png,6
metal.00058.png,metal,metal.00058.wav,spectrogram_data\metal\metal.00058.png,6
metal.00059.png,metal,metal.00059.wav,spectrogram_data\metal\metal.00059.png,6
metal.00060.png,metal,metal.00060.wav,spectrogram_data\metal\metal.00060.png,6
metal.00061.png,metal,metal.00061.wav,spectrogram_data\metal\metal.00061.png,6
metal.00062.png,metal,metal.00062.wav,spectrogram_data\metal\metal.00062.png,6
metal.00063.png,metal,metal.00063.wav,spectrogram_data\metal\metal.00063.png,6
metal.00064.png,metal,metal.00064.wav,spectrogram_data\metal\metal.00064.png,6
metal.00065.png,metal,metal.00065.wav,spectrogram_data\metal\metal.00065.png,6
metal.00066.png,metal,metal.00066.wav,spectrogram_data\metal\metal.00066.png,6
metal.00067.png,metal,metal.00067.wav,spectrogram_data\metal\metal.00067.png,6
metal.00068.png,metal,metal.00068.wav,spectrogram_data\metal\metal.00068.png,6
metal.00069.png,metal,metal.00069.wav,spectrogram_data\metal\metal.00069.png,6
metal.00070.png,metal,metal.00070.wav,spectrogram_data\metal\metal.00070.png,6
metal.00071.png,metal,metal.00071.wav,spectrogram_data\metal\metal.00071.png,6
metal.00072.png,metal,metal.00072.wav,spectrogram_data\metal\metal.00072.png,6
metal.00073.png,metal,metal.00073.wav,spectrogram_data\metal\metal.00073.png,6
metal.00074.png,metal,metal.00074.wav,spectrogram_data\metal\metal.00074.png,6
metal.00075.png,metal,metal.00075.wav,spectrogram_data\metal\metal.00075.png,6
metal.00076.png,metal,metal.00076.wav,spectrogram_data\metal\metal.00076.png,6
metal.00077.png,metal,metal.00077.wav,spectrogram_data\metal\metal.00077.png,6
metal.00078.png,metal,metal.00078.wav,spectrogram_data\metal\metal.00078.png,6
metal.00079.png,metal,metal.00079.wav,spectrogram_data\metal\metal.00079.png,6
metal.00080.png,metal,metal.00080.wav,spectrogram_data\metal\metal.00080.png,6
metal.00081.png,metal,metal.00081.wav,spectrogram_data\metal\metal.00081.png,6
metal.00082.png,metal,metal.00082.wav,spectrogram_data\metal\metal.00082.png,6
metal.00083.png,metal,metal.00083.wav,spectrogram_data\metal\metal.00083.png,6
metal.00084.png,metal,metal.00084.wav,spectrogram_data\metal\metal.00084.png,6
metal.00085.png,metal,metal.00085.wav,spectrogram_data\metal\metal.00085.png,6
metal.00086.png,metal,metal.00086.wav,spectrogram_data\metal\metal.00086.png,6
metal.00087.png,metal,metal.00087.wav,spectrogram_data\metal\metal.00087.png,6
metal.00088.png,metal,metal.00088.wav,spectrogram_data\metal\metal.00088.png,6
metal.00089.png,metal,metal.00089.wav,spectrogram_data\metal\metal.00089.png,6
metal.00090.png,metal,metal.00090.wav,spectrogram_data\metal\metal.00090.png,6
metal.00091.png,metal,metal.00091.wav,spectrogram_data\metal\metal.00091.png,6
metal.00092.png,metal,metal.00092.wav,spectrogram_data\metal\metal.00092.png,6
metal.00093.png,metal,metal.00093.wav,spectrogram_data\metal\metal.00093.png,6
metal.00094.png,metal,metal.00094.wav,spectrogram_data\metal\metal.00094.png,6
metal.00095.png,metal,metal.00095.wav,spectrogram_data\metal\metal.00095.png,6
metal.00096.png,metal,metal.00096.wav,spectrogram_data\metal\metal.00096.png,6
metal.00097.png,metal,metal.00097.wav,spectrogram_data\metal\metal.00097.png,6
metal.00098.png,metal,metal.00098.wav,spectrogram_data\metal\metal.00098.png,6
metal.00099.png,metal,metal.00099.wav,spectrogram_data\metal\metal.00099.png,6
pop.00000.png,pop,pop.00000.wav,spectrogram_data\pop\pop.00000.png,7
pop.00001.png,pop,pop.00001.wav,spectrogram_data\pop\pop.00001.png,7
pop.00002.png,pop,pop.00002.wav,spectrogram_data\pop\pop.00002.png,7
pop.00003.png,pop,pop.00003.wav,spectrogram_data\pop\pop.00003.png,7
pop.00004.png,pop,pop.00004.wav,spectrogram_data\pop\pop.00004.png,7
pop.00005.png,pop,pop.00005.wav,spectrogram_data\pop\pop.00005.png,7
pop.00006.png,pop,pop.00006.wav,spectrogram_data\pop\pop.00006.png,7
pop.00007.png,pop,pop.00007.wav,spectrogram_data\pop\pop.00007.png,7
pop.00008.png,pop,pop.00008.wav,spectrogram_data\pop\pop.00008.png,7
pop.00009.png,pop,pop.00009.wav,spectrogram_data\pop\pop.00009.png,7
pop.00010.png,pop,pop.00010.wav,spectrogram_data\pop\pop.00010.png,7
pop.00011.png,pop,pop.00011.wav,spectrogram_data\pop\pop.00011.png,7
pop.00012.png,pop,pop.00012.wav,spectrogram_data\pop\pop.00012.png,7
pop.00013.png,pop,pop.00013.wav,spectrogram_data\pop\pop.00013.png,7
pop.00014.png,pop,pop.00014.wav,spectrogram_data\pop\pop.00014.png,7
pop.00015.png,pop,pop.00015.wav,spectrogram_data\pop\pop.00015.png,7
pop.00016.png,pop,pop.00016.wav,spectrogram_data\pop\pop.00016.png,7
pop.00017.png,pop,pop.00017.wav,spectrogram_data\pop\pop.00017.png,7
pop.00018.png,pop,pop.00018.wav,spectrogram_data\pop\pop.00018.png,7
pop.00019.png,pop,pop.00019.wav,spectrogram_data\pop\pop.00019.png,7
pop.00020.png,pop,pop.00020.wav,spectrogram_data\pop\pop.00020.png,7
pop.00021.png,pop,pop.00021.wav,spectrogram_data\pop\pop.00021.png,7
pop.00022.png,pop,pop.00022.wav,spectrogram_data\pop\pop.00022.png,7
pop.00023.png,pop,pop.00023.wav,spectrogram_data\pop\pop.00023.png,7
pop.00024.png,pop,pop.00024.wav,spectrogram_data\pop\pop.00024.png,7
pop.00025.png,pop,pop.00025.wav,spectrogram_data\pop\pop.00025.png,7
pop.00026.png,pop,pop.00026.wav,spectrogram_data\pop\pop.00026.png,7
pop.00027.png,pop,pop.00027.wav,spectrogram_data\pop\pop.00027.png,7
pop.00028.png,pop,pop.00028.wav,spectrogram_data\pop\pop.00028.png,7
pop.00029.png,pop,pop.00029.wav,spectrogram_data\pop\pop.00029.png,7
pop.00030.png,pop,pop.00030.wav,spectrogram_data\pop\pop.00030.png,7
pop.00031.png,pop,pop.00031.wav,spectrogram_data\pop\pop.00031.png,7
pop.00032.png,pop,pop.00032.wav,spectrogram_data\pop\pop.00032.png,7
pop.00033.png,pop,pop.00033.wav,spectrogram_data\pop\pop.00033.png,7
pop.00034.png,pop,pop.00034.wav,spectrogram_data\pop\pop.00034.png,7
pop.00035.png,pop,pop.00035.wav,spectrogram_data\pop\pop.00035.png,7
pop.00036.png,pop,pop.00036.wav,spectrogram_data\pop\pop.00036.png,7
pop.00037.png,pop,pop.00037.wav,spectrogram_data\pop\pop.00037.png,7
pop.00038.png,pop,pop.00038.wav,spectrogram_data\pop\pop.00038.png,7
pop.00039.png,pop,pop.00039.wav,spectrogram_data\pop\pop.00039.png,7
pop.00040.png,pop,pop.00040.wav,spectrogram_data\pop\pop.00040.png,7
pop.00041.png,pop,pop.00041.wav,spectrogram_data\pop\pop.00041.png,7
pop.00042.png,pop,pop.00042.wav,spectrogram_data\pop\pop.00042.png,7
pop.00043.png,pop,pop.00043.wav,spectrogram_data\pop\pop.00043.png,7
pop.00044.png,pop,pop.00044.wav,spectrogram_data\pop\pop.00044.png,7
pop.00045.png,pop,pop.00045.wav,spectrogram_data\pop\pop.00045.png,7
pop.00046.png,pop,pop.00046.wav,spectrogram_data\pop\pop.00046.png,7
pop.00047.png,pop,pop.00047.wav,spectrogram_data\pop\pop.00047.png,7
pop.00048.png,pop,pop.00048.wav,spectrogram_data\pop\pop.00048.png,7
pop.00049.png,pop,pop.00049.wav,spectrogram_data\pop\pop.00049.png,7
pop.00050.png,pop,pop.00050.wav,spectrogram_data\pop\pop.00050.png,7
pop.00051.png,pop,pop.00051.wav,spectrogram_data\pop\pop.00051.png,7
pop.00052.png,pop,pop.00052.wav,spectrogram_data\pop\pop.00052.png,7
pop.00053.png,pop,pop.00053.wav,spectrogram_data\pop\pop.00053.png,7
pop.00054.png,pop,pop.00054.wav,spectrogram_data\pop\pop.00054.png,7
pop.00055.png,pop,pop.00055.wav,spectrogram_data\pop\pop.00055.png,7
pop.00056.png,pop,pop.00056.wav,spectrogram_data\pop\pop.00056.png,7
pop.00057.png,pop,pop.00057.wav,spectrogram_data\pop\pop.00057.png,7
pop.00058.png,pop,pop.00058.wav,spectrogram_data\pop\pop.00058.png,7
pop.00059.png,pop,pop.00059.wav,spectrogram_data\pop\pop.00059.png,7
pop.00060.png,pop,pop.00060.wav,spectrogram_data\pop\pop.00060.png,7
pop.00061.png,pop,pop.00061.wav,spectrogram_data\pop\pop.00061.png,7
pop.00062.png,pop,pop.00062.wav,spectrogram_data\pop\pop.00062.png,7
pop.00063.png,pop,pop.00063.wav,spectrogram_data\pop\pop.00063.png,7
pop.00064.png,pop,pop.00064.wav,spectrogram_data\pop\pop.00064.png,7
pop.00065.png,pop,pop.00065.wav,spectrogram_data\pop\pop.00065.png,7
pop.00066.png,pop,pop.00066.wav,spectrogram_data\pop\pop.00066.png,7
pop.00067.png,pop,pop.00067.wav,spectrogram_data\pop\pop.00067.png,7
pop.00068.png,pop,pop.00068.wav,spectrogram_data\pop\pop.00068.png,7
pop.00069.png,pop,pop.00069.wav,spectrogram_data\pop\pop.00069.png,7
pop.00070.png,pop,pop.00070.wav,spectrogram_data\pop\pop.00070.png,7
pop.00071.png,pop,pop.00071.wav,spectrogram_data\pop\pop.00071.png,7
pop.00072.png,pop,pop.00072.wav,spectrogram_data\pop\pop.00072.png,7
pop.00073.png,pop,pop.00073.wav,spectrogram_data\pop\pop.00073.png,7
pop.00074.png,pop,pop.00074.wav,spectrogram_data\pop\pop.00074.png,7
pop.00075.png,pop,pop.00075.wav,spectrogram_data\pop\pop.00075.png,7
pop.00076.png,pop,pop.00076.wav,spectrogram_data\pop\pop.00076.png,7
pop.00077.png,pop,pop.00077.wav,spectrogram_data\pop\pop.00077.png,7
pop.00078.png,pop,pop.00078.wav,spectrogram_data\pop\pop.00078.png,7
pop.00079.png,pop,pop.00079.wav,spectrogram_data\pop\pop.00079.png,7
pop.00080.png,pop,pop.00080.wav,spectrogram_data\pop\pop.00080.png,7
pop.00081.png,pop,pop.00081.wav,spectrogram_data\pop\pop.00081.png,7
pop.00082.png,pop,pop.00082.wav,spectrogram_data\pop\pop.00082.png,7
pop.00083.png,pop,pop.00083.wav,spectrogram_data\pop\pop.00083.png,7
pop.00084.png,pop,pop.00084.wav,spectrogram_data\pop\pop.00084.png,7
pop.00085.png,pop,pop.00085.wav,spectrogram_data\pop\pop.00085.png,7
pop.00086.png,pop,pop.00086.wav,spectrogram_data\pop\pop.00086.png,7
pop.00087.png,pop,pop.00087.wav,spectrogram_data\pop\pop.00087.png,7
pop.00088.png,pop,pop.00088.wav,spectrogram_data\pop\pop.00088.png,7
pop.00089.png,pop,pop.00089.wav,spectrogram_data\pop\pop.00089.png,7
pop.00090.png,pop,pop.00090.wav,spectrogram_data\pop\pop.00090.png,7
pop.00091.png,pop,pop.00091.wav,spectrogram_data\pop\pop.00091.png,7
pop.00092.png,pop,pop.00092.wav,spectrogram_data\pop\pop.00092.png,7
pop.00093.png,pop,pop.00093.wav,spectrogram_data\pop\pop.00093.png,7
pop.00094.png,pop,pop.00094.wav,spectrogram_data\pop\pop.00094.png,7
pop.00095.png,pop,pop.00095.wav,spectrogram_data\pop\pop.00095.png,7
pop.00096.png,pop,pop.00096.wav,spectrogram_data\pop\pop.00096.png,7
pop.00097.png,pop,pop.00097.wav,spectrogram_data\pop\pop.00097.png,7
pop.00098.png,pop,pop.00098.wav,spectrogram_data\pop\pop.00098.png,7
pop.00099.png,pop,pop.00099.wav,spectrogram_data\pop\pop.00099.png,7
reggae.00000.png,reggae,reggae.00000.wav,spectrogram_data\reggae\reggae.00000.png,8
reggae.00001.png,reggae,reggae.00001.wav,spectrogram_data\reggae\reggae.00001.png,8
reggae.00002.png,reggae,reggae.00002.wav,spectrogram_data\reggae\reggae.00002.png,8
reggae.00003.png,reggae,reggae.00003.wav,spectrogram_data\reggae\reggae.00003.png,8
reggae.00004.png,reggae,reggae.00004.wav,spectrogram_data\reggae\reggae.00004.png,8
reggae.00005.png,reggae,reggae.00005.wav,spectrogram_data\reggae\reggae.00005.png,8
reggae.00006.png,reggae,reggae.00006.wav,spectrogram_data\reggae\reggae.00006.png,8
reggae.00007.png,reggae,reggae.00007.wav,spectrogram_data\reggae\reggae.00007.png,8
reggae.00008.png,reggae,reggae.00008.wav,spectrogram_data\reggae\reggae.00008.png,8
reggae.00009.png,reggae,reggae.00009.wav,spectrogram_data\reggae\reggae.00009.png,8
reggae.00010.png,reggae,reggae.00010.wav,spectrogram_data\reggae\reggae.00010.png,8
reggae.00011.png,reggae,reggae.00011.wav,spectrogram_data\reggae\reggae.00011.png,8
reggae.00012.png,reggae,reggae.00012.wav,spectrogram_data\reggae\reggae.00012.png,8
reggae.00013.png,reggae,reggae.00013.wav,spectrogram_data\reggae\reggae.00013.png,8
reggae.00014.png,reggae,reggae.00014.wav,spectrogram_data\reggae\reggae.00014.png,8
reggae.00015.png,reggae,reggae.00015.wav,spectrogram_data\reggae\reggae.00015.png,8
reggae.00016.png,reggae,reggae.00016.wav,spectrogram_data\reggae\reggae.00016.png,8
reggae.00017.png,reggae,reggae.00017.wav,spectrogram_data\reggae\reggae.00017.png,8
reggae.00018.png,reggae,reggae.00018.wav,spectrogram_data\reggae\reggae.00018.png,8
reggae.00019.png,reggae,reggae.00019.wav,spectrogram_data\reggae\reggae.00019.png,8
reggae.00020.png,reggae,reggae.00020.wav,spectrogram_data\reggae\reggae.00020.png,8
reggae.00021.png,reggae,reggae.00021.wav,spectrogram_data\reggae\reggae.00021.png,8
reggae.00022.png,reggae,reggae.00022.wav,spectrogram_data\reggae\reggae.00022.png,8
reggae.00023.png,reggae,reggae.00023.wav,spectrogram_data\reggae\reggae.00023.png,8
reggae.00024.png,reggae,reggae.00024.wav,spectrogram_data\reggae\reggae.00024.png,8
reggae.00025.png,reggae,reggae.00025.wav,spectrogram_data\reggae\reggae.00025.png,8
reggae.00026.png,reggae,reggae.00026.wav,spectrogram_data\reggae\reggae.00026.png,8
reggae.00027.png,reggae,reggae.00027.wav,spectrogram_data\reggae\reggae.00027.png,8
reggae.00028.png,reggae,reggae.00028.wav,spectrogram_data\reggae\reggae.00028.png,8
reggae.00029.png,reggae,reggae.00029.wav,spectrogram_data\reggae\reggae.00029.png,8
reggae.00030.png,reggae,reggae.00030.wav,spectrogram_data\reggae\reggae.00030.png,8
reggae.00031.png,reggae,reggae.00031.wav,spectrogram_data\reggae\reggae.00031.png,8
reggae.00032.png,reggae,reggae.00032.wav,spectrogram_data\reggae\reggae.00032.png,8
reggae.00033.png,reggae,reggae.00033.wav,spectrogram_data\reggae\reggae.00033.png,8
reggae.00034.png,reggae,reggae.00034.wav,spectrogram_data\reggae\reggae.00034.png,8
reggae.00035.png,reggae,reggae.00035.wav,spectrogram_data\reggae\reggae.00035.png,8
reggae.00036.png,reggae,reggae.00036.wav,spectrogram_data\reggae\reggae.00036.png,8
reggae.00037.png,reggae,reggae.00037.wav,spectrogram_data\reggae\reggae.00037.png,8
reggae.00038.png,reggae,reggae.00038.wav,spectrogram_data\reggae\reggae.00038.png,8
reggae.00039.png,reggae,reggae.00039.wav,spectrogram_data\reggae\reggae.00039.png,8
reggae.00040.png,reggae,reggae.00040.wav,spectrogram_data\reggae\reggae.00040.png,8
reggae.00041.png,reggae,reggae.00041.wav,spectrogram_data\reggae\reggae.00041.png,8
reggae.00042.png,reggae,reggae.00042.wav,spectrogram_data\reggae\reggae.00042.png,8
reggae.00043.png,reggae,reggae.00043.wav,spectrogram_data\reggae\reggae.00043.png,8
reggae.00044.png,reggae,reggae.00044.wav,spectrogram_data\reggae\reggae.00044.png,8
reggae.00045.png,reggae,reggae.00045.wav,spectrogram_data\reggae\reggae.00045.png,8
reggae.00046.png,reggae,reggae.00046.wav,spectrogram_data\reggae\reggae.00046.png,8
reggae.00047.png,reggae,reggae.00047.wav,spectrogram_data\reggae\reggae.00047.png,8
reggae.00048.png,reggae,reggae.00048.wav,spectrogram_data\reggae\reggae.00048.png,8
reggae.00049.png,reggae,reggae.00049.wav,spectrogram_data\reggae\reggae.00049.png,8
reggae.00050.png,reggae,reggae.00050.wav,spectrogram_data\reggae\reggae.00050.png,8
reggae.00051.png,reggae,reggae.00051.wav,spectrogram_data\reggae\reggae.00051.png,8
reggae.00052.png,reggae,reggae.00052.wav,spectrogram_data\reggae\reggae.00052.png,8
reggae.00053.png,reggae,reggae.00053.wav,spectrogram_data\reggae\reggae.00053.png,8
reggae.00054.png,reggae,reggae.00054.wav,spectrogram_data\reggae\reggae.00054.png,8
reggae.00055.png,reggae,reggae.00055.wav,spectrogram_data\reggae\reggae.00055.png,8
reggae.00056.png,reggae,reggae.00056.wav,spectrogram_data\reggae\reggae.00056.png,8
reggae.00057.png,reggae,reggae.00057.wav,spectrogram_data\reggae\reggae.00057.png,8
reggae.00058.png,reggae,reggae.00058.wav,spectrogram_data\reggae\reggae.00058.png,8
reggae.00059.png,reggae,reggae.00059.wav,spectrogram_data\reggae\reggae.00059.png,8
reggae.00060.png,reggae,reggae.00060.wav,spectrogram_data\reggae\reggae.00060.png,8
reggae.00061.png,reggae,reggae.00061.wav,spectrogram_data\reggae\reggae.00061.png,8
reggae.00062.png,reggae,reggae.00062.wav,spectrogram_data\reggae\reggae.00062.png,8
reggae.00063.png,reggae,reggae.00063.wav,spectrogram_data\reggae\reggae.00063.png,8
reggae.00064.png,reggae,reggae.00064.wav,spectrogram_data\reggae\reggae.00064.png,8
reggae.00065.png,reggae,reggae.00065.wav,spectrogram_data\reggae\reggae.00065.png,8
reggae.00066.png,reggae,reggae.00066.wav,spectrogram_data\reggae\reggae.00066.png,8
reggae.00067.png,reggae,reggae.00067.wav,spectrogram_data\reggae\reggae.00067.png,8
reggae.00068.png,reggae,reggae.00068.wav,spectrogram_data\reggae\reggae.00068.png,8
reggae.00069.png,reggae,reggae.00069.wav,spectrogram_data\reggae\reggae.00069.png,8
reggae.00070.png,reggae,reggae.00070.wav,spectrogram_data\reggae\reggae.00070.png,8
reggae.00071.png,reggae,reggae.00071.wav,spectrogram_data\reggae\reggae.00071.png,8
reggae.00072.png,reggae,reggae.00072.wav,spectrogram_data\reggae\reggae.00072.png,8
reggae.00073.png,reggae,reggae.00073.wav,spectrogram_data\reggae\reggae.00073.png,8
reggae.00074.png,reggae,reggae.00074.wav,spectrogram_data\reggae\reggae.00074.png,8
reggae.00075.png,reggae,reggae.00075.wav,spectrogram_data\reggae\reggae.00075.png,8
reggae.00076.png,reggae,reggae.00076.wav,spectrogram_data\reggae\reggae.00076.png,8
reggae.00077.png,reggae,reggae.00077.wav,spectrogram_data\reggae\reggae.00077.png,8
reggae.00078.png,reggae,reggae.00078.wav,spectrogram_data\reggae\reggae.00078.png,8
reggae.00079.png,reggae,reggae.00079.wav,spectrogram_data\reggae\reggae.00079.png,8
reggae.00080.png,reggae,reggae.00080.wav,spectrogram_data\reggae\reggae.00080.png,8
reggae.00081.png,reggae,reggae.00081.wav,spectrogram_data\reggae\reggae.00081.png,8
reggae.00082.png,reggae,reggae.00082.wav,spectrogram_data\reggae\reggae.00082.png,8
reggae.00083.png,reggae,reggae.00083.wav,spectrogram_data\reggae\reggae.00083.png,8
reggae.00084.png,reggae,reggae.00084.wav,spectrogram_data\reggae\reggae.00084.png,8
reggae.00085.png,reggae,reggae.00085.wav,spectrogram_data\reggae\reggae.00085.png,8
reggae.00086.png,reggae,reggae.00086.wav,spectrogram_data\reggae\reggae.00086.png,8
reggae.00087.png,reggae,reggae.00087.wav,spectrogram_data\reggae\reggae.00087.png,8
reggae.00088.png,reggae,reggae.00088.wav,spectrogram_data\reggae\reggae.00088.png,8
reggae.00089.png,reggae,reggae.00089.wav,spectrogram_data\reggae\reggae.00089.png,8
reggae.00090.png,reggae,reggae.00090.wav,spectrogram_data\reggae\reggae.00090.png,8
reggae.00091.png,reggae,reggae.00091.wav,spectrogram_data\reggae\reggae.00091.png,8
reggae.00092.png,reggae,reggae.00092.wav,spectrogram_data\reggae\reggae.00092.png,8
reggae.00093.png,reggae,reggae.00093.wav,spectrogram_data\reggae\reggae.00093.png,8
reggae.00094.png,reggae,reggae.00094.wav,spectrogram_data\reggae\reggae.00094.png,8
reggae.00095.png,reggae,reggae.00095.wav,spectrogram_data\reggae\reggae.00095.png,8
reggae.00096.png,reggae,reggae.00096.wav,spectrogram_data\reggae\reggae.00096.png,8
reggae.00097.png,reggae,reggae.00097.wav,spectrogram_data\reggae\reggae.00097.png,8
reggae.00098.png,reggae,reggae.00098.wav,spectrogram_data\reggae\reggae.00098.png,8
reggae.00099.png,reggae,reggae.00099.wav,spectrogram_data\reggae\reggae.00099.png,8
rock.00000.png,rock,rock.00000.wav,spectrogram_data\rock\rock.00000.png,9
rock.00001.png,rock,rock.00001.wav,spectrogram_data\rock\rock.00001.png,9
rock.00002.png,rock,rock.00002.wav,spectrogram_data\rock\rock.00002.png,9
rock.00003.png,rock,rock.00003.wav,spectrogram_data\rock\rock.00003.png,9
rock.00004.png,rock,rock.00004.wav,spectrogram_data\rock\rock.00004.png,9
rock.00005.png,rock,rock.00005.wav,spectrogram_data\rock\rock.00005.png,9
rock.00006.png,rock,rock.00006.wav,spectrogram_data\rock\rock.00006.png,9
rock.00007.png,rock,rock.00007.wav,spectrogram_data\rock\rock.00007.png,9
rock.00008.png,rock,rock.00008.wav,spectrogram_data\rock\rock.00008.png,9
rock.00009.png,rock,rock.00009.wav,spectrogram_data\rock\rock.00009.png,9
rock.00010.png,rock,rock.00010.wav,spectrogram_data\rock\rock.00010.png,9
rock.00011.png,rock,rock.00011.wav,spectrogram_data\rock\rock.00011.png,9
rock.00012.png,rock,rock.00012.wav,spectrogram_data\rock\rock.00012.png,9
rock.00013.png,rock,rock.00013.wav,spectrogram_data\rock\rock.00013.png,9
rock.00014.png,rock,rock.00014.wav,spectrogram_data\rock\rock.00014.png,9
rock.00015.png,rock,rock.00015.wav,spectrogram_data\rock\rock.00015.png,9
rock.00016.png,rock,rock.00016.wav,spectrogram_data\rock\rock.00016.png,9
rock.00017.png,rock,rock.00017.wav,spectrogram_data\rock\rock.00017.png,9
rock.00018.png,rock,rock.00018.wav,spectrogram_data\rock\rock.00018.png,9
rock.00019.png,rock,rock.00019.wav,spectrogram_data\rock\rock.00019.png,9
rock.00020.png,rock,rock.00020.wav,spectrogram_data\rock\rock.00020.png,9
rock.00021.png,rock,rock.00021.wav,spectrogram_data\rock\rock.00021.png,9
rock.00022.png,rock,rock.00022.wav,spectrogram_data\rock\rock.00022.png,9
rock.00023.png,rock,rock.00023.wav,spectrogram_data\rock\rock.00023.png,9
rock.00024.png,rock,rock.00024.wav,spectrogram_data\rock\rock.00024.png,9
rock.00025.png,rock,rock.00025.wav,spectrogram_data\rock\rock.00025.png,9
rock.00026.png,rock,rock.00026.wav,spectrogram_data\rock\rock.00026.png,9
rock.00027.png,rock,rock.00027.wav,spectrogram_data\rock\rock.00027.png,9
rock.00028.png,rock,rock.00028.wav,spectrogram_data\rock\rock.00028.png,9
rock.00029.png,rock,rock.00029.wav,spectrogram_data\rock\rock.00029.png,9
rock.00030.png,rock,rock.00030.wav,spectrogram_data\rock\rock.00030.png,9
rock.00031.png,rock,rock.00031.wav,spectrogram_data\rock\rock.00031.png,9
rock.00032.png,rock,rock.00032.wav,spectrogram_data\rock\rock.00032.png,9
rock.00033.png,rock,rock.00033.wav,spectrogram_data\rock\rock.00033.png,9
rock.00034.png,rock,rock.00034.wav,spectrogram_data\rock\rock.00034.png,9
rock.00035.png,rock,rock.00035.wav,spectrogram_data\rock\rock.00035.png,9
rock.00036.png,rock,rock.00036.wav,spectrogram_data\rock\rock.00036.png,9
rock.00037.png,rock,rock.00037.wav,spectrogram_data\rock\rock.00037.png,9
rock.00038.png,rock,rock.00038.wav,spectrogram_data\rock\rock.00038.png,9
rock.00039.png,rock,rock.00039.wav,spectrogram_data\rock\rock.00039.png,9
rock.00040.png,rock,rock.00040.wav,spectrogram_data\rock\rock.00040.png,9
rock.00041.png,rock,rock.00041.wav,spectrogram_data\rock\rock.00041.png,9
rock.00042.png,rock,rock.00042.wav,spectrogram_data\rock\rock.00042.png,9
rock.00043.png,rock,rock.00043.wav,spectrogram_data\rock\rock.00043.png,9
rock.00044.png,rock,rock.00044.wav,spectrogram_data\rock\rock.00044.png,9
rock.00045.png,rock,rock.00045.wav,spectrogram_data\rock\rock.00045.png,9
rock.00046.png,rock,rock.00046.wav,spectrogram_data\rock\rock.00046.png,9
rock.00047.png,rock,rock.00047.wav,spectrogram_data\rock\rock.00047.png,9
rock.00048.png,rock,rock.00048.wav,spectrogram_data\rock\rock.00048.png,9
rock.00049.png,rock,rock.00049.wav,spectrogram_data\rock\rock.00049.png,9
rock.00050.png,rock,rock.00050.wav,spectrogram_data\rock\rock.00050.png,9
rock.00051.png,rock,rock.00051.wav,spectrogram_data\rock\rock.00051.png,9
rock.00052.png,rock,rock.00052.wav,spectrogram_data\rock\rock.00052.png,9
rock.00053.png,rock,rock.00053.wav,spectrogram_data\rock\rock.00053.png,9
rock.00054.png,rock,rock.00054.wav,spectrogram_data\rock\rock.00054.png,9
rock.00055.png,rock,rock.00055.wav,spectrogram_data\rock\rock.00055.png,9
rock.00056.png,rock,rock.00056.wav,spectrogram_data\rock\rock.00056.png,9
rock.00057.png,rock,rock.00057.wav,spectrogram_data\rock\rock.00057.png,9
rock.00058.png,rock,rock.00058.wav,spectrogram_data\rock\rock.00058.png,9
rock.00059.png,rock,rock.00059.wav,spectrogram_data\rock\rock.00059.png,9
rock.00060.png,rock,rock.00060.wav,spectrogram_data\rock\rock.00060.png,9
rock.00061.png,rock,rock.00061.wav,spectrogram_data\rock\rock.00061.png,9
rock.00062.png,rock,rock.00062.wav,spectrogram_data\rock\rock.00062.png,9
rock.00063.png,rock,rock.00063.wav,spectrogram_data\rock\rock.00063.png,9
rock.00064.png,rock,rock.00064.wav,spectrogram_data\rock\rock.00064.png,9
rock.00065.png,rock,rock.00065.wav,spectrogram_data\rock\rock.00065.png,9
rock.00066.png,rock,rock.00066.wav,spectrogram_data\rock\rock.00066.png,9
rock.00067.png,rock,rock.00067.wav,spectrogram_data\rock\rock.00067.png,9
rock.00068.png,rock,rock.00068.wav,spectrogram_data\rock\rock.00068.png,9
rock.00069.png,rock,rock.00069.wav,spectrogram_data\rock\rock.00069.png,9
rock.00070.png,rock,rock.00070.wav,spectrogram_data\rock\rock.00070.png,9
rock.00071.png,rock,rock.00071.wav,spectrogram_data\rock\rock.00071.png,9
rock.00072.png,rock,rock.00072.wav,spectrogram_data\rock\rock.00072.png,9
rock.00073.png,rock,rock.00073.wav,spectrogram_data\rock\rock.00073.png,9
rock.00074.png,rock,rock.00074.wav,spectrogram_data\rock\rock.00074.png,9
rock.00075.png,rock,rock.00075.wav,spectrogram_data\rock\rock.00075.png,9
rock.00076.png,rock,rock.00076.wav,spectrogram_data\rock\rock.00076.png,9
rock.00077.png,rock,rock.00077.wav,spectrogram_data\rock\rock.00077.png,9
rock.00078.png,rock,rock.00078.wav,spectrogram_data\rock\rock.00078.png,9
rock.00079.png,rock,rock.00079.wav,spectrogram_data\rock\rock.00079.png,9
rock.00080.png,rock,rock.00080.wav,spectrogram_data\rock\rock.00080.png,9
rock.00081.png,rock,rock.00081.wav,spectrogram_data\rock\rock.00081.png,9
rock.00082.png,rock,rock.00082.wav,spectrogram_data\rock\rock.00082.png,9
rock.00083.png,rock,rock.00083.wav,spectrogram_data\rock\rock.00083.png,9
rock.00084.png,rock,rock.00084.wav,spectrogram_data\rock\rock.00084.png,9
rock.00085.png,rock,rock.00085.wav,spectrogram_data\rock\rock.00085.png,9
rock.00086.png,rock,rock.00086.wav,spectrogram_data\rock\rock.00086.png,9
rock.00087.png,rock,rock.00087.wav,spectrogram_data\rock\rock.00087.png,9
rock.00088.png,rock,rock.00088.wav,spectrogram_data\rock\rock.00088.png,9
rock.00089.png,rock,rock.00089.wav,spectrogram_data\rock\rock.00089.png,9
rock.00090.png,rock,rock.00090.wav,spectrogram_data\rock\rock.00090.png,9
rock.00091.png,rock,rock.00091.wav,spectrogram_data\rock\rock.00091.png,9
rock.00092.png,rock,rock.00092.wav,spectrogram_data\rock\rock.00092.png,9
rock.00093.png,rock,rock.00093.wav,spectrogram_data\rock\rock.00093.png,9
rock.00094.png,rock,rock.00094.wav,spectrogram_data\rock\rock.00094.png,9
rock.00095.png,rock,rock.00095.wav,spectrogram_data\rock\rock.00095.png,9
rock.00096.png,rock,rock.00096.wav,spectrogram_data\rock\rock.00096.png,9
rock.00097.png,rock,rock.00097.wav,spectrogram_data\rock\rock.00097.png,9
rock.00098.png,rock,rock.00098.wav,spectrogram_data\rock\rock.00098.png,9
rock.00099.png,rock,rock.00099.wav,spectrogram_data\rock\rock.00099.png,9
